slab_id,b,h,d,E,nu,rho,sdl,ll,llred,mesh,angle,sx1,sy1,sx2,sy2,sx3,sy3,sx4,sy4,dl_load,sdl_load,ll_load,llred_load,dl_reaction,sdl_reaction,ll_reaction,llred_reaction
slab_000,4157,10343,200,35859,0.2,2571,-0.51,-4.66,-2.7,1000,0,831,2068,3325,2068,831,8274,3325,8274,-216.872,-21.92,-200.38,-116.072,216.873,21.92,200.38,116.072
slab_001,6105,11542,220,33115,0.21,2540,-0.38,-1.67,-0.87,500,0,1221,2308,4884,2308,1221,9233,4884,9233,-386.248,-26.96,-117.664,-61.296,386.248,26.96,117.664,61.296
slab_002,7359,9020,250,29257,0.18,2531,-0.42,-4.55,-2.35,1000,45,1471,1804,5887,1804,1471,7216,5887,7216,-412.0,-28.0,-302.0,-156.0,412.0,28.0,302.0,156.0
slab_003,6355,9489,250,28520,0.18,2415,-0.87,-4.79,-2.15,750,0,1271,1897,5084,1897,1271,7591,5084,7591,-357.16,-52.24,-288.84,-129.6,357.16,52.24,288.84,129.6
slab_004,6139,13107,180,35009,0.21,2567,-0.35,-2.62,-1.12,1000,45,1227,2621,4911,2621,1227,10485,4911,10485,-364.712,-28.128,-210.752,-90.016,364.712,28.128,210.752,90.016
slab_005,7223,13301,220,30704,0.2,2579,-0.69,-4.56,-1.93,750,0,1444,2660,5778,2660,1444,10640,5778,10640,-534.696,-66.16,-438.128,-185.56,534.696,66.16,438.128,185.56
slab_006,7589,12844,220,31015,0.21,2572,-0.58,-1.61,-0.91,500,45,1517,2568,6071,2568,1517,10275,6071,10275,-540.696,-56.688,-156.596,-88.832,540.696,56.689,156.596,88.832
slab_007,6027,15367,220,33858,0.2,2521,-0.32,-2.89,-1.23,500,90,1205,3073,4821,3073,1205,12293,4821,12293,-503.624,-30.112,-267.272,-113.568,503.624,30.112,267.271,113.568
slab_008,4353,15155,200,32702,0.21,2427,-0.52,-3.51,-2.02,500,0,870,3031,3482,3031,870,12124,3482,12124,-313.92,-34.408,-231.48,-133.0,313.92,34.408,231.48,133.0
slab_009,4433,15401,180,29032,0.21,2597,-0.37,-1.9,-0.95,1000,90,886,3080,3546,3080,886,12320,3546,12320,-313.092,-25.28,-129.656,-64.88,313.092,25.28,129.656,64.88
slab_010,6040,10121,250,34911,0.19,2498,-0.94,-4.88,-3.0,1000,45,1208,2024,4832,2024,1208,8096,4832,8096,-374.496,-57.536,-298.304,-183.392,374.496,57.536,298.304,183.392
slab_011,4794,13611,250,30132,0.2,2504,-0.36,-3.85,-1.94,500,90,958,2722,3835,2722,958,10888,3835,10888,-400.872,-23.88,-251.144,-126.904,400.872,23.88,251.144,126.904
slab_012,4728,14416,200,33785,0.21,2413,-0.53,-1.64,-0.77,500,0,945,2883,3782,2883,945,11532,3782,11532,-322.8,-36.0,-111.6,-52.8,322.8,36.0,111.6,52.8
slab_013,5571,14739,250,29842,0.18,2528,-0.96,-4.9,-2.76,1000,90,1114,2947,4456,2947,1114,11791,4456,11791,-509.08,-78.72,-402.376,-226.72,509.08,78.72,402.377,226.72
slab_014,7637,15493,180,32742,0.19,2456,-0.91,-2.33,-1.04,500,0,1527,3098,6109,3098,1527,12394,6109,12394,-513.184,-107.584,-275.888,-123.26,513.184,107.584,275.888,123.26
slab_015,6864,9798,180,32638,0.2,2451,-0.74,-4.63,-2.11,500,45,1372,1959,5491,1959,1372,7838,5491,7838,-291.276,-49.2,-311.46,-141.6,291.276,49.2,311.46,141.6
slab_016,5280,10139,200,32431,0.2,2577,-0.83,-4.17,-1.78,750,90,1056,2027,4224,2027,1056,8111,4224,8111,-270.54,-44.46,-223.32,-95.44,270.54,44.46,223.32,95.44
slab_017,7833,10238,180,31946,0.21,2436,-0.78,-4.97,-2.3,1000,0,1566,2047,6266,2047,1566,8190,6266,8190,-344.948,-62.532,-398.556,-184.376,344.948,62.532,398.556,184.376
slab_018,5171,12665,250,30449,0.21,2513,-0.78,-1.63,-1.02,750,90,1034,2533,4136,2533,1034,10132,4136,10132,-403.5,-51.312,-106.884,-66.7,403.501,51.312,106.884,66.7
slab_019,6498,11504,250,32243,0.21,2418,-0.85,-1.74,-1.03,500,90,1299,2300,5198,2300,1299,9203,5198,9203,-443.248,-63.408,-130.476,-77.056,443.248,63.408,130.476,77.056
slab_020,7053,8203,180,34544,0.22,2579,-0.94,-2.3,-1.37,500,0,1410,1640,5642,1640,1410,6562,5642,6562,-263.348,-54.0,-133.08,-79.08,263.347,54.0,133.08,79.08
slab_021,6501,14501,180,30099,0.19,2518,-0.71,-4.78,-2.57,1000,45,1300,2900,5200,2900,1300,11600,5200,11600,-419.168,-66.952,-450.552,-242.384,419.168,66.952,450.551,242.384
slab_022,6042,9141,180,34589,0.19,2485,-0.74,-2.26,-1.38,750,45,1208,1828,4833,1828,1208,7312,4833,7312,-242.36,-40.944,-124.88,-76.136,242.36,40.944,124.88,76.136
slab_023,5268,14849,200,29938,0.21,2446,-0.74,-1.52,-0.72,1000,45,1053,2969,4214,2969,1053,11879,4214,11879,-375.44,-57.936,-118.8,-56.4,375.439,57.936,118.8,56.4
slab_024,6159,13221,180,35769,0.19,2433,-0.45,-4.25,-1.93,1000,90,1231,2644,4927,2644,1231,10576,4927,10576,-349.824,-36.704,-346.008,-157.152,349.824,36.704,346.008,157.152
slab_025,6078,13868,200,30137,0.22,2499,-0.36,-4.35,-2.07,500,90,1215,2773,4862,2773,1215,11094,4862,11094,-413.344,-30.416,-366.952,-174.364,413.344,30.416,366.951,174.364
slab_026,6111,10970,200,28847,0.21,2478,-0.65,-1.55,-0.66,1000,90,1222,2194,4888,2194,1222,8776,4888,8776,-325.912,-43.568,-103.952,-44.304,325.912,43.568,103.952,44.304
slab_027,6121,11220,180,31080,0.2,2561,-0.68,-3.35,-1.99,500,0,1224,2244,4896,2244,1224,8976,4896,8976,-310.8,-46.72,-230.104,-136.676,310.8,46.72,230.104,136.676
slab_028,6766,13878,250,31944,0.21,2473,-0.92,-2.47,-1.32,500,90,1353,2775,5412,2775,1353,11102,5412,11102,-569.312,-86.58,-231.724,-124.14,569.312,86.58,231.724,124.14
slab_029,6764,12455,250,31927,0.19,2447,-0.75,-4.71,-2.35,500,0,1352,2491,5411,2491,1352,9964,5411,9964,-505.5,-63.0,-397.2,-198.0,505.5,63.0,397.2,198.0
slab_030,7650,12556,220,29516,0.18,2491,-0.86,-2.01,-1.05,500,0,1530,2511,6120,2511,1530,10044,6120,10044,-515.944,-82.144,-193.152,-100.672,515.944,82.144,193.152,100.672
slab_031,6599,13713,180,29794,0.22,2451,-0.57,-4.14,-2.62,500,0,1319,2742,5279,2742,1319,10970,5279,10970,-391.496,-51.376,-374.432,-236.968,391.496,51.376,374.432,236.968
slab_032,4407,10491,180,28591,0.2,2528,-0.53,-2.17,-1.3,500,45,881,2098,3525,2098,881,8392,3525,8392,-206.24,-24.5,-100.32,-59.88,206.24,24.5,100.32,59.88
slab_033,5139,11259,200,34482,0.19,2582,-0.78,-2.2,-1.15,1000,90,1027,2251,4111,2251,1027,9007,4111,9007,-293.096,-45.152,-127.264,-66.528,293.095,45.152,127.264,66.529
slab_034,7480,11328,220,31764,0.19,2588,-0.86,-3.47,-2.25,750,0,1496,2265,5984,2265,1496,9062,5984,9062,-473.32,-72.72,-294.04,-190.56,473.32,72.72,294.04,190.56
slab_035,6140,14672,200,31607,0.18,2548,-0.88,-1.96,-0.83,500,45,1228,2934,4912,2934,1228,11737,4912,11737,-449.92,-79.648,-176.16,-75.336,449.92,79.648,176.16,75.336
slab_036,4429,9007,180,33153,0.21,2576,-0.54,-2.15,-1.11,750,0,885,1801,3543,1801,885,7205,3543,7205,-181.4,-21.568,-85.776,-44.384,181.4,21.568,85.776,44.384
slab_037,4990,10565,220,28838,0.2,2433,-0.99,-3.17,-1.34,500,45,998,2113,3992,2113,998,8452,3992,8452,-276.72,-52.0,-167.16,-71.04,276.72,52.0,167.16,71.04
slab_038,4155,13569,180,29658,0.21,2426,-0.61,-1.76,-1.13,500,45,831,2713,3324,2713,831,10855,3324,10855,-241.528,-34.128,-99.332,-63.568,241.528,34.128,99.332,63.568
slab_039,6869,15252,220,31065,0.19,2508,-0.62,-3.47,-2.15,500,90,1373,3050,5495,3050,1373,12201,5495,12201,-566.58,-64.8,-363.108,-225.324,566.58,64.8,363.109,225.323
slab_040,4042,8482,180,31499,0.19,2537,-0.79,-3.75,-1.85,500,90,808,1696,3233,1696,808,6785,3233,6785,-153.488,-27.104,-128.516,-63.424,153.488,27.104,128.516,63.424
slab_041,5628,10479,220,34181,0.19,2490,-0.97,-2.41,-1.36,750,45,1125,2095,4502,2095,1125,8383,4502,8383,-316.92,-57.0,-142.08,-80.16,316.92,57.0,142.08,80.16
slab_042,5474,12668,250,30313,0.22,2526,-0.75,-1.64,-1.1,750,45,1094,2533,4379,2533,1094,10134,4379,10134,-429.56,-51.996,-113.736,-76.204,429.56,51.996,113.736,76.204
slab_043,5773,11923,200,29817,0.21,2584,-0.81,-3.27,-1.71,750,45,1154,2384,4618,2384,1154,9538,4618,9538,-348.936,-55.84,-225.056,-117.776,348.935,55.84,225.056,117.776
slab_044,5182,8887,250,34175,0.2,2523,-0.49,-2.28,-1.36,750,45,1036,1777,4145,1777,1036,7109,4145,7109,-284.976,-22.584,-104.976,-62.52,284.976,22.584,104.976,62.52
slab_045,7516,15587,180,28168,0.21,2403,-0.88,-4.33,-2.19,1000,90,1503,3117,6012,3117,1503,12469,6012,12469,-497.212,-103.312,-507.304,-256.688,497.212,103.312,507.304,256.688
slab_046,5310,9270,250,35537,0.2,2401,-0.81,-2.78,-1.58,750,90,1062,1854,4248,1854,1062,7416,4248,7416,-289.808,-39.936,-136.944,-77.888,289.808,39.936,136.944,77.888
slab_047,6967,13809,180,32626,0.22,2444,-0.96,-2.51,-1.1,500,45,1393,2761,5573,2761,1393,11047,5573,11047,-415.16,-91.8,-241.32,-105.72,415.16,91.8,241.32,105.72
slab_048,7932,14109,220,30095,0.19,2458,-0.98,-2.2,-1.06,500,90,1586,2821,6345,2821,1586,11287,6345,11287,-593.468,-109.616,-246.272,-118.264,593.468,109.616,246.273,118.264
slab_049,5807,12110,180,35649,0.19,2497,-0.79,-2.49,-1.44,1000,90,1161,2422,4645,2422,1161,9688,4645,9688,-310.08,-55.552,-175.064,-101.312,310.08,55.552,175.063,101.312
slab_050,5472,14173,180,31041,0.2,2572,-0.75,-4.72,-3.2,1000,0,1094,2834,4377,2834,1094,11338,4377,11338,-352.224,-58.08,-366.024,-248.1,352.223,58.08,366.025,248.1
slab_051,7099,8898,200,29045,0.2,2472,-0.76,-4.79,-2.13,750,90,1419,1779,5679,1779,1419,7118,5679,7118,-306.496,-48.0,-302.432,-134.4,306.495,48.0,302.432,134.4
slab_052,6860,13660,220,30582,0.21,2578,-0.59,-4.47,-2.12,500,90,1372,2732,5488,2732,1372,10928,5488,10928,-521.94,-55.98,-418.804,-198.54,521.94,55.98,418.805,198.54
slab_053,5380,8756,250,33773,0.21,2497,-0.77,-3.96,-1.78,500,45,1076,1751,4304,1751,1076,7004,4304,7004,-288.328,-36.144,-186.648,-83.848,288.328,36.144,186.648,83.848
slab_054,6256,12809,250,35170,0.19,2561,-0.83,-4.19,-2.79,750,45,1251,2561,5004,2561,1251,10247,5004,10247,-503.272,-66.6,-335.824,-223.544,503.272,66.6,335.824,223.544
slab_055,7832,8931,250,33704,0.19,2496,-0.97,-3.99,-1.99,750,0,1566,1786,6265,1786,1566,7144,6265,7144,-428.184,-67.832,-279.2,-139.336,428.183,67.832,279.2,139.336
slab_056,5598,12787,180,34067,0.2,2414,-0.98,-3.6,-1.57,1000,0,1119,2557,4478,2557,1119,10229,4478,10229,-305.104,-70.08,-257.68,-112.384,305.104,70.08,257.68,112.384
slab_057,7886,8475,250,34626,0.19,2534,-0.83,-2.2,-1.41,750,0,1577,1695,6308,1695,1577,6780,6308,6780,-415.312,-55.464,-146.952,-94.388,415.311,55.464,146.952,94.388
slab_058,7213,9862,220,33885,0.22,2590,-0.66,-3.53,-2.0,1000,45,1442,1972,5770,1972,1442,7889,5770,7889,-397.632,-46.92,-251.096,-142.336,397.632,46.92,251.096,142.336
slab_059,6693,11071,180,31566,0.22,2461,-0.43,-3.77,-1.98,1000,0,1338,2214,5354,2214,1338,8856,5354,8856,-322.0,-31.864,-279.344,-146.648,321.999,31.864,279.343,146.648
slab_060,7099,14890,180,29701,0.18,2475,-0.86,-3.4,-2.36,500,90,1419,2978,5679,2978,1419,11912,5679,11912,-462.276,-91.452,-360.0,-250.2,462.277,91.451,360.0,250.2
slab_061,7419,13985,180,35335,0.19,2590,-0.89,-3.41,-2.03,1000,45,1483,2797,5935,2797,1483,11188,5935,11188,-474.428,-92.46,-353.888,-210.54,474.428,92.46,353.889,210.54
slab_062,5657,10660,200,31924,0.2,2519,-0.62,-4.59,-2.92,500,45,1131,2132,4525,2132,1131,8528,4525,8528,-297.988,-37.476,-276.832,-175.972,297.988,37.476,276.832,175.972
slab_063,4029,15256,220,32583,0.21,2586,-0.69,-4.51,-3.02,500,45,805,3051,3223,3051,805,12204,3223,12204,-343.104,-42.04,-277.508,-185.624,343.104,42.04,277.508,185.625
slab_064,7579,15413,250,33985,0.2,2557,-0.6,-2.46,-1.38,1000,45,1515,3082,6063,3082,1515,12330,6063,12330,-732.584,-70.064,-287.272,-161.2,732.584,70.064,287.272,161.201
slab_065,4414,10767,220,35699,0.22,2563,-0.91,-3.13,-1.69,750,90,882,2153,3531,2153,882,8613,3531,8613,-262.844,-43.2,-148.8,-80.4,262.844,43.2,148.8,80.4
slab_066,6467,14832,180,32633,0.19,2407,-0.61,-4.99,-2.85,500,90,1293,2966,5173,2966,1293,11865,5173,11865,-407.872,-59.004,-478.56,-273.6,407.871,59.005,478.56,273.6
slab_067,4667,12224,180,31083,0.22,2501,-0.68,-1.64,-0.73,1000,45,933,2444,3733,2444,933,9779,3733,9779,-251.956,-38.712,-93.6,-41.64,251.956,38.712,93.6,41.64
slab_068,6146,9778,180,29441,0.19,2466,-0.32,-1.67,-0.76,750,45,1229,1955,4916,1955,1229,7822,4916,7822,-261.72,-19.12,-100.376,-45.704,261.719,19.12,100.376,45.704
slab_069,6751,15660,250,30536,0.2,2516,-0.74,-3.77,-2.44,500,45,1350,3132,5400,3132,1350,12528,5400,12528,-652.536,-77.82,-399.0,-258.36,652.535,77.82,399.0,258.36
slab_070,6865,8694,200,30164,0.2,2569,-0.39,-2.41,-1.64,500,0,1373,1738,5492,1738,1373,6955,5492,6955,-301.12,-22.98,-144.06,-98.084,301.12,22.98,144.06,98.084
slab_071,4500,15322,200,30781,0.21,2556,-0.32,-4.32,-2.07,750,0,900,3064,3600,3064,900,12257,3600,12257,-345.776,-21.904,-298.048,-142.816,345.776,21.904,298.048,142.816
slab_072,5144,8653,250,33754,0.18,2485,-0.3,-4.25,-2.21,750,90,1028,1730,4115,1730,1028,6922,4115,6922,-271.284,-13.36,-189.208,-98.436,271.284,13.36,189.207,98.436
slab_073,6887,12981,250,28272,0.21,2515,-0.82,-4.59,-2.67,500,45,1377,2596,5509,2596,1377,10384,5509,10384,-551.588,-73.68,-410.16,-238.8,551.588,73.68,410.16,238.8
slab_074,5696,10590,200,35630,0.21,2503,-0.7,-4.58,-2.04,1000,90,1139,2118,4556,2118,1139,8472,4556,8472,-296.232,-42.264,-276.304,-123.084,296.232,42.264,276.304,123.084
slab_075,7216,12635,220,31190,0.19,2406,-0.84,-2.15,-0.93,1000,0,1443,2527,5772,2527,1443,10108,5772,10108,-473.464,-76.6,-196.04,-84.848,473.465,76.6,196.04,84.848
slab_076,6428,8125,250,34012,0.21,2494,-0.38,-4.51,-2.77,750,0,1285,1625,5142,1625,1285,6500,5142,6500,-319.496,-19.96,-235.624,-144.64,319.496,19.96,235.623,144.64
slab_077,5545,8496,180,30499,0.2,2492,-0.84,-2.08,-1.24,1000,45,1109,1699,4436,1699,1109,6796,4436,6796,-207.264,-39.52,-97.952,-58.4,207.264,39.52,97.952,58.4
slab_078,6662,15959,200,34369,0.2,2402,-0.81,-4.6,-2.3,1000,90,1332,3191,5329,3191,1332,12767,5329,12767,-500.968,-86.112,-489.016,-244.52,500.968,86.112,489.016,244.52
slab_079,7971,9730,250,30582,0.2,2440,-0.65,-4.93,-2.39,1000,0,1594,1946,6376,1946,1594,7784,6376,7784,-464.08,-50.36,-382.36,-185.36,464.08,50.36,382.36,185.36
slab_080,6082,11113,250,30477,0.2,2418,-0.36,-3.96,-1.74,500,45,1216,2222,4865,2222,1216,8890,4865,8890,-400.612,-24.272,-267.596,-117.272,400.612,24.272,267.595,117.272
slab_081,5484,11935,250,28950,0.2,2584,-0.69,-2.62,-1.43,750,90,1096,2387,4387,2387,1096,9548,4387,9548,-414.792,-45.128,-171.432,-93.576,414.792,45.128,171.432,93.576
slab_082,7743,14109,220,34158,0.21,2510,-0.55,-3.97,-2.2,1000,90,1548,2821,6194,2821,1548,11287,6194,11287,-591.848,-60.0,-433.788,-240.42,591.848,60.0,433.788,240.42
slab_083,6956,8164,250,32718,0.21,2551,-0.96,-5.0,-2.45,750,90,1391,1632,5564,1632,1391,6531,5564,6531,-355.24,-54.6,-283.84,-139.12,355.24,54.6,283.84,139.12
slab_084,6270,9803,200,28648,0.2,2595,-0.76,-1.92,-1.16,500,90,1254,1960,5016,1960,1254,7842,5016,7842,-312.904,-46.88,-118.08,-71.2,312.904,46.88,118.08,71.2
slab_085,4127,15352,200,31979,0.19,2441,-0.45,-3.16,-1.43,1000,90,825,3070,3301,3070,825,12281,3301,12281,-303.392,-28.52,-200.232,-90.632,303.391,28.52,200.232,90.633
slab_086,7390,10608,180,28384,0.18,2436,-0.51,-3.02,-1.28,500,45,1478,2121,5912,2121,1478,8486,5912,8486,-337.068,-40.38,-236.76,-100.26,337.067,40.38,236.76,100.26
slab_087,6464,9684,200,33127,0.21,2426,-0.41,-1.97,-1.1,1000,0,1292,1936,5171,1936,1292,7747,5171,7747,-297.936,-25.6,-123.296,-68.8,297.935,25.6,123.297,68.8
slab_088,7951,14777,220,28430,0.19,2469,-0.64,-2.91,-1.5,500,0,1590,2955,6360,2955,1590,11821,6360,11821,-626.14,-75.36,-341.888,-175.68,626.14,75.36,341.888,175.68
slab_089,6367,15179,180,31597,0.19,2550,-0.94,-4.82,-3.17,1000,0,1273,3035,5093,3035,1273,12143,5093,12143,-435.2,-90.72,-465.792,-306.256,435.2,90.72,465.792,306.256
slab_090,7272,14469,180,28221,0.18,2521,-0.89,-3.99,-1.81,1000,90,1454,2893,5817,2893,1454,11575,5817,11575,-468.46,-93.54,-419.888,-190.468,468.461,93.54,419.888,190.468
slab_091,5330,9752,180,31404,0.21,2540,-0.81,-2.08,-1.23,1000,90,1066,1950,4264,1950,1066,7801,4264,7801,-233.152,-42.08,-108.032,-64.0,233.152,42.08,108.032,64.0
slab_092,6231,9942,250,31087,0.18,2488,-0.81,-1.59,-0.74,750,90,1246,1988,4984,1988,1246,7953,4984,7953,-377.996,-50.176,-98.584,-45.824,377.996,50.176,98.584,45.824
slab_093,5646,13732,250,35622,0.19,2424,-0.92,-2.13,-1.08,500,45,1129,2746,4516,2746,1129,10985,4516,10985,-460.916,-71.496,-165.22,-83.664,460.916,71.496,165.22,83.664
slab_094,5231,15997,220,35152,0.18,2550,-0.41,-3.04,-1.63,500,45,1046,3199,4184,3199,1046,12797,4184,12797,-460.3,-34.088,-254.528,-136.468,460.3,34.088,254.528,136.468
slab_095,6229,14986,220,29543,0.21,2440,-0.63,-3.01,-1.8,1000,0,1245,2997,4983,2997,1245,11988,4983,11988,-491.56,-58.8,-281.048,-168.0,491.56,58.8,281.048,168.0
slab_096,5339,10831,220,35935,0.2,2450,-0.59,-4.92,-3.32,750,45,1067,2166,4271,2166,1067,8664,4271,8664,-305.88,-34.08,-284.46,-192.0,305.88,34.08,284.46,192.0
slab_097,6019,14719,180,31142,0.18,2454,-1.0,-4.59,-1.86,1000,90,1203,2943,4815,2943,1203,11775,4815,11775,-383.888,-88.752,-406.688,-164.768,383.888,88.752,406.689,164.768
slab_098,7585,9342,250,28004,0.2,2449,-0.98,-2.93,-1.24,750,0,1517,1868,6068,1868,1517,7473,6068,7473,-425.616,-69.512,-207.816,-87.912,425.616,69.512,207.817,87.913
slab_099,6767,9669,180,31605,0.19,2415,-0.8,-4.71,-2.0,750,45,1353,1933,5413,1933,1353,7735,5413,7735,-278.968,-52.24,-308.212,-130.748,278.969,52.24,308.212,130.748
slab_100,5419,11465,200,33619,0.2,2548,-0.82,-3.4,-2.22,1000,90,1083,2293,4335,2293,1083,9172,4335,9172,-310.696,-50.928,-211.208,-137.912,310.696,50.928,211.208,137.912
slab_101,5096,9067,220,34013,0.21,2479,-0.98,-4.16,-2.75,1000,90,1019,1813,4076,1813,1019,7253,4076,7253,-247.256,-45.28,-192.22,-127.072,247.256,45.28,192.22,127.072
slab_102,4593,14254,200,35245,0.2,2525,-0.35,-3.21,-1.38,750,0,918,2850,3674,2850,918,11403,3674,11403,-324.28,-23.04,-210.192,-90.24,324.28,23.04,210.192,90.24
slab_103,4457,8862,220,33438,0.22,2525,-0.44,-4.08,-2.54,750,45,891,1772,3565,1772,891,7089,3565,7089,-215.192,-17.408,-161.128,-100.288,215.192,17.408,161.128,100.288
slab_104,4075,10078,220,33409,0.18,2512,-0.71,-4.53,-2.91,500,90,815,2015,3260,2015,815,8062,3260,8062,-222.616,-29.112,-186.124,-119.324,222.616,29.112,186.124,119.324
slab_105,4883,11600,250,32595,0.2,2533,-0.64,-3.57,-1.71,750,0,976,2320,3906,2320,976,9280,3906,9280,-351.92,-36.224,-202.176,-96.864,351.92,36.224,202.176,96.864
slab_106,5069,12120,250,28142,0.22,2406,-0.32,-3.85,-1.67,500,90,1013,2424,4055,2424,1013,9696,4055,9696,-362.8,-19.7,-236.9,-102.4,362.8,19.7,236.9,102.4
slab_107,5811,8802,220,34762,0.21,2465,-0.48,-2.62,-1.63,750,45,1162,1760,4648,1760,1162,7041,4648,7041,-272.104,-24.504,-133.9,-83.432,272.104,24.504,133.9,83.432
slab_108,7886,12061,220,34019,0.2,2522,-0.42,-4.72,-2.85,1000,90,1577,2412,6308,2412,1577,9648,6308,9648,-517.756,-40.032,-448.992,-271.056,517.757,40.032,448.992,271.056
slab_109,6444,11342,220,35199,0.19,2458,-0.8,-2.31,-1.57,500,0,1288,2268,5155,2268,1288,9073,5155,9073,-387.916,-58.608,-169.268,-114.628,387.916,58.608,169.268,114.628
slab_110,6179,8047,250,35325,0.21,2587,-0.73,-2.08,-1.24,750,0,1235,1609,4943,1609,1235,6437,4943,6437,-315.444,-36.3,-103.4,-61.692,315.444,36.3,103.4,61.692
slab_111,6842,10170,200,34259,0.19,2477,-0.8,-3.73,-1.74,750,90,1368,2034,5473,2034,1368,8136,5473,8136,-338.22,-55.8,-259.62,-121.2,338.22,55.8,259.62,121.2
slab_112,5575,13239,200,29208,0.21,2450,-0.35,-2.71,-1.23,750,90,1115,2647,4460,2647,1115,10591,4460,10591,-354.872,-25.736,-199.988,-90.828,354.872,25.736,199.988,90.828
slab_113,5672,10699,180,28262,0.21,2405,-0.93,-3.41,-1.7,500,0,1134,2139,4537,2139,1134,8559,4537,8559,-257.768,-56.36,-206.908,-102.98,257.769,56.36,206.908,102.98
slab_114,4322,13836,200,35427,0.2,2450,-0.66,-3.92,-2.29,750,0,864,2767,3457,2767,864,11068,3457,11068,-287.492,-39.36,-234.36,-136.96,287.492,39.36,234.36,136.96
slab_115,7215,11855,250,33574,0.2,2443,-0.78,-3.33,-2.08,1000,90,1443,2371,5772,2371,1443,9484,5772,9484,-512.472,-66.616,-284.912,-177.984,512.472,66.616,284.912,177.984
slab_116,4161,8160,250,35587,0.2,2541,-0.51,-3.2,-2.22,750,90,832,1632,3328,1632,832,6528,3328,6528,-211.624,-17.328,-108.672,-75.344,211.624,17.328,108.672,75.344
slab_117,7310,10608,220,30843,0.2,2401,-0.49,-4.64,-2.99,750,0,1462,2121,5848,2121,1462,8486,5848,8486,-402.0,-37.8,-360.0,-231.68,402.0,37.8,360.0,231.68
slab_118,6870,14031,250,34207,0.18,2464,-0.81,-4.96,-3.33,750,90,1374,2806,5496,2806,1374,11224,5496,11224,-582.4,-78.4,-478.4,-320.8,582.4,78.4,478.4,320.8
slab_119,7126,13407,200,29492,0.21,2472,-0.48,-2.07,-1.11,1000,90,1425,2681,5700,2681,1425,10725,5700,10725,-463.42,-45.84,-197.744,-106.08,463.42,45.84,197.745,106.08
slab_120,7058,9355,220,34933,0.2,2499,-0.46,-4.83,-3.21,500,90,1411,1871,5646,1871,1411,7484,5646,7484,-356.34,-30.0,-319.14,-212.316,356.34,30.0,319.14,212.316
slab_121,6163,12085,200,34638,0.18,2421,-0.56,-2.09,-1.36,750,90,1232,2417,4930,2417,1232,9668,4930,9668,-353.816,-41.816,-155.592,-101.296,353.816,41.816,155.593,101.296
slab_122,5113,11259,200,29772,0.2,2595,-0.34,-3.27,-1.85,750,45,1022,2251,4090,2251,1022,9007,4090,9007,-293.18,-19.352,-188.2,-106.624,293.18,19.352,188.2,106.624
slab_123,7088,12448,250,33495,0.18,2533,-0.54,-3.9,-2.43,1000,45,1417,2489,5670,2489,1417,9958,5670,9958,-548.028,-47.496,-344.016,-214.348,548.028,47.496,344.016,214.348
slab_124,4333,14618,200,30970,0.18,2571,-0.61,-2.47,-1.14,1000,45,866,2923,3466,2923,866,11694,3466,11694,-319.484,-38.7,-156.492,-72.284,319.484,38.7,156.492,72.284
slab_125,6178,10334,180,31092,0.22,2572,-0.77,-4.25,-2.26,500,45,1235,2066,4942,2066,1235,8267,4942,8267,-289.892,-49.504,-271.508,-144.232,289.892,49.504,271.508,144.232
slab_126,6608,11022,180,35982,0.21,2585,-0.32,-3.95,-2.12,750,0,1321,2204,5286,2204,1321,8817,5286,8817,-332.4,-23.4,-287.64,-154.2,332.4,23.4,287.64,154.2
slab_127,7611,9674,250,30611,0.21,2409,-0.4,-3.69,-2.12,500,90,1522,1934,6088,1934,1522,7739,6088,7739,-434.88,-29.12,-272.0,-156.3,434.88,29.12,272.0,156.299
slab_128,7103,12745,180,32120,0.21,2592,-0.68,-3.02,-1.33,1000,90,1420,2549,5682,2549,1420,10196,5682,10196,-414.336,-61.588,-273.368,-120.504,414.336,61.588,273.368,120.504
slab_129,4247,14818,200,28462,0.2,2424,-0.53,-1.94,-1.34,500,45,849,2963,3397,2963,849,11854,3397,11854,-299.072,-33.6,-122.4,-84.0,299.073,33.6,122.4,84.0
slab_130,7505,14634,200,32816,0.21,2480,-0.64,-3.76,-2.4,1000,0,1501,2926,6004,2926,1501,11707,6004,11707,-534.436,-70.38,-412.92,-263.46,534.436,70.38,412.92,263.46
slab_131,4582,8385,250,29643,0.2,2516,-0.9,-3.8,-2.63,1000,45,916,1677,3665,1677,916,6708,3665,6708,-237.04,-34.6,-146.0,-101.04,237.04,34.6,146.0,101.04
slab_132,6734,8970,200,28939,0.18,2413,-0.97,-1.77,-1.19,500,90,1346,1794,5387,1794,1346,7176,5387,7176,-285.84,-58.5,-106.74,-71.7,285.84,58.5,106.74,71.7
slab_133,4954,13280,180,29388,0.2,2425,-0.84,-4.38,-1.87,750,90,990,2656,3963,2656,990,10624,3963,10624,-281.6,-55.232,-288.216,-123.2,281.6,55.232,288.216,123.2
slab_134,7604,11606,250,30836,0.2,2560,-0.74,-1.7,-0.74,1000,0,1520,2321,6083,2321,1520,9284,6083,9284,-554.112,-65.384,-150.0,-65.384,554.112,65.384,149.999,65.384
slab_135,5731,14965,220,29191,0.18,2455,-0.49,-3.12,-1.88,1000,45,1146,2993,4584,2993,1146,11972,4584,11972,-454.44,-42.0,-267.6,-161.28,454.44,42.0,267.6,161.28
slab_136,6418,12319,200,31086,0.19,2468,-0.77,-2.36,-1.65,1000,90,1283,2463,5134,2463,1283,9855,5134,9855,-382.88,-60.792,-186.632,-130.488,382.88,60.791,186.632,130.489
slab_137,6817,12107,180,33478,0.22,2441,-0.56,-3.55,-2.14,500,45,1363,2421,5453,2421,1363,9685,5453,9685,-355.5,-46.5,-292.52,-177.0,355.5,46.5,292.52,177.0
slab_138,6787,12026,250,30614,0.21,2581,-0.51,-3.23,-1.98,750,0,1357,2405,5429,2405,1357,9620,5429,9620,-516.72,-41.44,-263.584,-161.44,516.72,41.44,263.584,161.44
slab_139,7745,11328,250,32514,0.21,2426,-0.43,-2.02,-1.18,1000,90,1549,2265,6196,2265,1549,9062,6196,9062,-522.008,-37.7,-177.22,-103.552,522.008,37.7,177.22,103.552
slab_140,7850,12485,250,30075,0.21,2468,-0.67,-3.96,-2.71,750,45,1570,2497,6280,2497,1570,9988,6280,9988,-593.216,-65.6,-388.056,-265.808,593.216,65.6,388.056,265.808
slab_141,5397,15712,200,30552,0.19,2555,-0.41,-4.67,-2.77,500,0,1079,3142,4317,3142,1079,12569,4317,12569,-425.268,-34.892,-395.968,-235.2,425.268,34.892,395.968,235.199
slab_142,5924,9330,250,32780,0.19,2485,-0.43,-2.31,-1.51,750,90,1184,1866,4739,1866,1184,7464,4739,7464,-336.888,-23.84,-127.56,-83.488,336.888,23.84,127.56,83.488
slab_143,7524,8798,220,28272,0.21,2496,-0.35,-4.08,-2.09,750,0,1504,1759,6019,1759,1504,7038,6019,7038,-356.592,-23.144,-270.064,-138.384,356.592,23.144,270.064,138.384
slab_144,5121,11090,250,28746,0.19,2440,-0.72,-3.36,-1.63,500,90,1024,2218,4096,2218,1024,8872,4096,8872,-339.832,-40.92,-190.656,-92.496,339.832,40.92,190.656,92.496
slab_145,5207,12527,200,29214,0.2,2552,-0.34,-2.09,-0.91,1000,45,1041,2505,4165,2505,1041,10021,4165,10021,-326.56,-22.144,-136.32,-59.296,326.56,22.144,136.32,59.296
slab_146,6248,11950,180,32769,0.19,2488,-0.71,-2.31,-1.29,750,0,1249,2390,4998,2390,1249,9560,4998,9560,-327.92,-52.968,-172.464,-96.12,327.92,52.968,172.464,96.12
slab_147,6595,10286,250,34613,0.19,2421,-0.81,-1.96,-0.88,500,90,1319,2057,5276,2057,1319,8228,5276,8228,-403.036,-55.072,-133.024,-59.984,403.036,55.072,133.024,59.984
slab_148,5313,12137,250,35036,0.21,2497,-0.51,-3.02,-1.9,750,45,1062,2427,4250,2427,1062,9709,4250,9709,-394.968,-32.728,-194.776,-122.664,394.968,32.728,194.777,122.664
slab_149,5447,9600,180,32525,0.2,2428,-0.39,-4.57,-2.94,750,0,1089,1920,4357,1920,1089,7680,4357,7680,-224.128,-20.408,-239.04,-153.64,224.128,20.408,239.04,153.64
slab_150,7321,11464,250,29885,0.2,2430,-0.4,-3.32,-1.82,500,90,1464,2292,5856,2292,1464,9171,5856,9171,-499.916,-33.36,-278.76,-152.76,499.917,33.36,278.76,152.76
slab_151,4456,14339,180,28735,0.21,2501,-0.87,-3.97,-1.66,500,0,891,2867,3564,2867,891,11471,3564,11471,-282.0,-55.2,-253.44,-105.6,282.0,55.2,253.44,105.6
slab_152,7075,8748,180,30786,0.2,2499,-0.82,-1.77,-0.95,500,90,1415,1749,5660,1749,1415,6998,5660,6998,-273.08,-50.52,-109.676,-58.5,273.08,50.52,109.676,58.5
slab_153,6588,14866,180,28148,0.22,2491,-0.36,-1.53,-0.76,750,45,1317,2973,5270,2973,1317,11892,5270,11892,-430.768,-35.2,-149.6,-74.4,430.768,35.2,149.6,74.4
slab_154,7107,10580,250,34119,0.2,2478,-0.59,-3.34,-1.5,750,90,1421,2116,5685,2116,1421,8464,5685,8464,-457.032,-44.4,-251.232,-112.8,457.031,44.4,251.232,112.8
slab_155,7210,12364,220,33954,0.19,2582,-0.69,-2.6,-1.66,750,90,1442,2472,5768,2472,1442,9891,5768,9891,-496.72,-61.44,-232.0,-148.0,496.72,61.44,232.0,148.0
slab_156,5559,8275,200,30820,0.21,2413,-0.62,-2.06,-1.24,1000,45,1111,1655,4447,1655,1111,6620,4447,6620,-217.776,-28.472,-94.768,-57.056,217.776,28.472,94.768,57.056
slab_157,4843,15160,220,30250,0.21,2418,-0.33,-3.99,-1.99,500,45,968,3032,3874,3032,968,12128,3874,12128,-383.12,-23.96,-292.632,-145.672,383.12,23.96,292.632,145.672
slab_158,6852,13516,250,31669,0.2,2581,-0.84,-2.58,-1.06,500,0,1370,2703,5481,2703,1370,10812,5481,10812,-586.62,-77.88,-239.444,-98.76,586.62,77.88,239.444,98.76
slab_159,6646,12394,200,34453,0.2,2555,-0.59,-3.72,-2.51,1000,0,1329,2478,5316,2478,1329,9915,5316,9915,-412.9,-48.588,-306.448,-206.772,412.9,48.588,306.448,206.772
slab_160,7269,12612,200,29796,0.2,2420,-0.6,-1.86,-0.75,1000,90,1453,2522,5815,2522,1453,10089,5815,10089,-435.352,-55.056,-170.576,-68.912,435.352,55.056,170.576,68.912
slab_161,4847,13207,200,33950,0.19,2598,-0.72,-1.81,-0.92,1000,0,969,2641,3877,2641,969,10565,3877,10565,-326.268,-46.16,-115.804,-58.88,326.268,46.16,115.803,58.88
slab_162,6754,15549,200,30711,0.21,2436,-0.97,-3.56,-1.78,1000,0,1350,3109,5403,3109,1350,12439,5403,12439,-501.968,-101.816,-373.816,-186.928,501.968,101.816,373.816,186.928
slab_163,7651,8000,180,33673,0.19,2406,-0.91,-2.35,-1.62,500,90,1530,1600,6120,1600,1530,6400,6120,6400,-260.128,-55.84,-143.76,-98.832,260.128,55.84,143.76,98.832
slab_164,4783,10567,180,33392,0.21,2570,-0.3,-3.77,-2.31,500,0,956,2113,3826,2113,956,8453,3826,8453,-229.356,-14.984,-190.72,-117.0,229.357,14.983,190.72,117.0
slab_165,6715,12112,200,31499,0.19,2535,-0.97,-4.65,-2.33,750,45,1343,2422,5372,2422,1343,9689,5372,9689,-404.72,-78.88,-378.16,-189.44,404.72,78.88,378.16,189.44
slab_166,6246,9852,220,31262,0.21,2540,-0.72,-3.54,-1.85,1000,0,1249,1970,4996,1970,1249,7881,4996,7881,-337.348,-44.32,-217.884,-113.896,337.348,44.32,217.884,113.897
slab_167,4416,11284,250,32569,0.21,2581,-0.36,-4.36,-2.91,1000,45,883,2256,3532,2256,883,9027,3532,9027,-315.44,-17.98,-217.272,-144.952,315.44,17.98,217.272,144.952
slab_168,4114,13955,220,29790,0.2,2566,-0.37,-4.13,-1.86,1000,45,822,2791,3291,2791,822,11164,3291,11164,-317.94,-21.3,-237.24,-106.8,317.94,21.3,237.24,106.8
slab_169,4742,8157,200,31434,0.19,2532,-0.42,-3.4,-1.86,750,0,948,1631,3793,1631,948,6525,3793,6525,-192.124,-16.272,-131.568,-71.92,192.125,16.272,131.568,71.92
slab_170,7174,10703,180,34665,0.2,2410,-0.6,-3.14,-1.41,500,45,1434,2140,5739,2140,1434,8562,5739,8562,-326.632,-45.9,-241.004,-107.94,326.632,45.9,241.004,107.94
slab_171,4553,13625,220,29400,0.18,2475,-0.7,-3.55,-1.64,750,90,910,2725,3642,2725,910,10900,3642,10900,-331.352,-43.328,-220.064,-101.776,331.353,43.328,220.064,101.776
slab_172,4866,13528,250,28044,0.18,2512,-0.95,-2.96,-1.19,750,90,973,2705,3892,2705,973,10822,3892,10822,-405.428,-62.448,-194.924,-78.352,405.428,62.448,194.923,78.352
slab_173,4954,14774,200,34240,0.19,2506,-0.48,-1.72,-0.77,750,90,990,2954,3963,2954,990,11819,3963,11819,-359.94,-35.2,-125.76,-56.32,359.94,35.2,125.76,56.32
slab_174,4699,9907,250,32899,0.2,2441,-0.3,-1.77,-1.2,750,90,939,1981,3759,1981,939,7925,3759,7925,-278.72,-13.888,-82.4,-55.904,278.72,13.888,82.4,55.904
slab_175,4852,11063,200,35703,0.2,2481,-0.42,-2.51,-1.57,500,45,970,2212,3881,2212,970,8850,3881,8850,-261.2,-22.64,-134.668,-84.0,261.2,22.64,134.669,84.0
slab_176,7191,8990,200,34606,0.19,2565,-0.91,-3.93,-2.23,1000,0,1438,1798,5752,1798,1438,7192,5752,7192,-325.36,-58.72,-254.08,-144.08,325.36,58.72,254.08,144.08
slab_177,6460,9917,220,33148,0.18,2459,-0.53,-3.9,-1.66,1000,0,1292,1983,5168,1983,1292,7933,5168,7933,-340.0,-33.92,-249.872,-106.4,340.0,33.92,249.872,106.4
slab_178,6494,9217,250,35377,0.19,2569,-0.65,-3.1,-1.31,500,0,1298,1843,5195,1843,1298,7373,5195,7373,-377.264,-38.448,-185.692,-78.532,377.264,38.449,185.692,78.532
slab_179,5096,8823,200,33978,0.21,2531,-0.59,-1.87,-1.07,1000,0,1019,1764,4076,1764,1019,7058,4076,7058,-223.264,-26.412,-84.0,-48.0,223.264,26.411,84.0,48.0
slab_180,7750,10766,220,30609,0.18,2569,-0.65,-4.96,-3.47,1000,90,1550,2153,6200,2153,1550,8612,6200,8612,-462.548,-54.112,-413.904,-289.432,462.548,54.112,413.904,289.432
slab_181,4321,12911,250,32404,0.2,2417,-0.5,-2.12,-1.23,750,0,864,2582,3456,2582,864,10328,3456,10328,-330.64,-27.856,-118.288,-68.704,330.64,27.856,118.288,68.704
slab_182,7883,8817,220,33345,0.19,2536,-0.32,-1.75,-1.19,750,0,1576,1763,6306,1763,1576,7053,6306,7053,-380.384,-22.416,-121.564,-82.64,380.384,22.416,121.564,82.64
slab_183,7567,10135,250,28298,0.21,2587,-0.33,-2.41,-1.57,500,0,1513,2027,6053,2027,1513,8108,6053,8108,-486.684,-25.76,-184.912,-119.864,486.683,25.76,184.912,119.864
slab_184,7780,9281,250,32392,0.19,2550,-0.69,-4.38,-1.91,750,0,1556,1856,6224,1856,1556,7424,6224,7424,-451.528,-49.672,-316.184,-137.88,451.528,49.672,316.184,137.88
slab_185,5393,8499,200,34369,0.21,2474,-0.54,-1.84,-0.74,750,0,1078,1699,4314,1699,1078,6799,4314,6799,-222.488,-24.772,-84.436,-33.956,222.488,24.772,84.436,33.957
slab_186,6313,13635,220,29293,0.2,2536,-0.72,-4.5,-2.44,1000,45,1262,2727,5050,2727,1262,10908,5050,10908,-471.12,-61.92,-387.24,-210.0,471.12,61.92,387.24,210.0
slab_187,5662,8516,220,29561,0.22,2441,-0.6,-3.31,-1.67,750,90,1132,1703,4529,1703,1132,6812,4529,6812,-254.004,-28.872,-159.52,-80.484,254.005,28.872,159.52,80.484
slab_188,6337,11519,220,34373,0.21,2549,-0.53,-4.5,-3.1,1000,45,1267,2303,5069,2303,1267,9215,5069,9215,-401.584,-38.664,-328.488,-226.272,401.584,38.664,328.488,226.272
slab_189,4529,13545,220,31054,0.21,2476,-0.5,-4.79,-2.9,500,90,905,2709,3623,2709,905,10836,3623,10836,-327.56,-30.84,-293.72,-177.8,327.56,30.84,293.72,177.8
slab_190,5153,13561,250,32665,0.2,2405,-0.97,-4.95,-3.23,500,90,1030,2712,4122,2712,1030,10848,4122,10848,-412.252,-67.668,-345.992,-225.796,412.251,67.668,345.992,225.796
slab_191,4483,12924,180,32996,0.2,2420,-0.89,-3.3,-2.0,1000,45,896,2584,3586,2584,896,10339,3586,10339,-247.6,-51.52,-191.168,-115.884,247.6,51.52,191.168,115.884
slab_192,4147,14910,200,29690,0.2,2471,-0.67,-4.81,-3.09,750,90,829,2982,3317,2982,829,11928,3317,11928,-299.84,-41.6,-297.6,-191.04,299.84,41.6,297.6,191.04
slab_193,6341,15853,220,28319,0.19,2552,-0.75,-4.69,-2.87,500,0,1268,3170,5072,3170,1268,12682,5072,12682,-553.716,-75.136,-471.668,-288.24,553.716,75.136,471.668,288.24
slab_194,5508,12244,180,30185,0.2,2455,-0.66,-2.76,-1.56,1000,0,1101,2448,4406,2448,1101,9795,4406,9795,-292.324,-44.384,-186.136,-105.152,292.324,44.384,186.136,105.152
slab_195,7748,8529,180,30194,0.2,2553,-0.48,-3.31,-1.95,750,0,1549,1705,6198,1705,1549,6823,6198,6823,-297.872,-31.528,-218.768,-128.868,297.873,31.528,218.767,128.868
slab_196,4136,15673,250,31502,0.21,2582,-0.72,-3.11,-1.78,750,45,827,3134,3308,3134,827,12538,3308,12538,-410.444,-46.8,-201.696,-115.384,410.444,46.8,201.696,115.383
slab_197,5790,12796,250,33286,0.19,2443,-0.37,-2.8,-1.35,750,90,1158,2559,4632,2559,1158,10236,4632,10236,-443.8,-27.324,-207.3,-100.016,443.8,27.324,207.3,100.016
slab_198,6178,8917,220,34608,0.21,2483,-0.82,-4.27,-2.56,500,45,1235,1783,4942,1783,1235,7133,4942,7133,-295.2,-45.064,-235.46,-140.852,295.2,45.064,235.46,140.851
slab_199,7788,11766,220,31502,0.21,2407,-0.78,-2.6,-1.59,500,45,1557,2353,6230,2353,1557,9412,6230,9412,-476.4,-71.8,-238.2,-145.4,476.4,71.8,238.2,145.4
slab_200,6898,14163,250,35788,0.19,2479,-0.79,-3.28,-2.08,1000,45,1379,2832,5518,2832,1379,11330,5518,11330,-593.976,-77.16,-320.46,-203.176,593.977,77.16,320.46,203.176
slab_201,5333,11302,250,28644,0.21,2550,-0.36,-4.81,-2.79,750,45,1066,2260,4266,2260,1066,9041,4266,9041,-377.056,-21.816,-289.968,-168.12,377.057,21.816,289.968,168.12
slab_202,7813,15845,250,28448,0.21,2475,-0.92,-4.36,-2.68,1000,90,1562,3169,6250,3169,1562,12676,6250,12676,-751.448,-113.896,-539.872,-331.8,751.448,113.896,539.872,331.8
slab_203,5183,13670,180,29903,0.19,2533,-0.44,-4.62,-2.49,500,90,1036,2734,4146,2734,1036,10936,4146,10936,-316.852,-31.056,-327.588,-176.3,316.852,31.056,327.588,176.3
slab_204,6699,11169,220,35563,0.2,2414,-0.69,-2.36,-1.11,500,90,1339,2233,5359,2233,1339,8935,5359,8935,-390.084,-51.48,-176.64,-82.56,390.084,51.48,176.64,82.56
slab_205,4929,10583,250,29074,0.19,2525,-0.91,-4.54,-2.75,500,0,985,2116,3943,2116,985,8466,3943,8466,-323.024,-47.4,-236.76,-143.544,323.024,47.4,236.76,143.545
slab_206,4711,9431,220,30868,0.22,2530,-0.84,-4.57,-2.04,500,90,942,1886,3768,1886,942,7544,3768,7544,-242.432,-37.6,-203.2,-90.4,242.432,37.6,203.2,90.4
slab_207,7876,15309,250,32218,0.2,2483,-0.35,-4.07,-2.27,750,45,1575,3061,6300,3061,1575,12247,6300,12247,-734.144,-42.072,-490.552,-274.076,734.144,42.072,490.552,274.076
slab_208,6645,8653,200,30548,0.19,2592,-0.31,-3.69,-1.8,750,0,1329,1730,5316,1730,1329,6922,5316,6922,-292.44,-17.84,-212.32,-103.56,292.44,17.84,212.32,103.56
slab_209,6729,15902,180,30083,0.19,2521,-0.93,-3.21,-1.8,750,90,1345,3180,5383,3180,1345,12721,5383,12721,-476.456,-99.72,-343.312,-192.6,476.456,99.72,343.312,192.6
slab_210,5983,8921,180,33892,0.19,2526,-0.97,-2.03,-1.2,500,90,1196,1784,4786,1784,1196,7136,4786,7136,-237.764,-51.848,-108.464,-64.04,237.765,51.848,108.464,64.041
slab_211,7299,8327,200,35807,0.21,2453,-0.45,-3.88,-2.0,1000,45,1459,1665,5839,1665,1459,6661,5839,6661,-292.5,-27.272,-235.812,-121.616,292.5,27.272,235.812,121.616
slab_212,7692,8726,220,30176,0.2,2432,-0.35,-1.97,-1.06,750,45,1538,1745,6153,1745,1538,6980,6153,6980,-352.292,-23.596,-132.3,-71.324,352.291,23.596,132.3,71.324
slab_213,6689,14331,220,30766,0.21,2433,-0.56,-1.99,-0.8,500,0,1337,2866,5351,2866,1337,11464,5351,11464,-503.644,-54.0,-190.8,-77.4,503.644,54.0,190.8,77.4
slab_214,5707,10539,180,29351,0.22,2514,-0.8,-2.58,-1.59,500,0,1141,2107,4565,2107,1141,8431,4565,8431,-266.992,-48.176,-154.868,-95.952,266.991,48.176,154.868,95.952
slab_215,6675,8970,200,29058,0.19,2596,-0.39,-4.39,-2.84,1000,0,1335,1794,5340,1794,1335,7176,5340,7176,-304.92,-23.28,-262.92,-170.0,304.92,23.28,262.92,170.0
slab_216,5495,11874,200,33342,0.21,2491,-0.6,-4.11,-2.15,1000,0,1099,2374,4396,2374,1099,9499,4396,9499,-318.88,-39.072,-268.144,-140.384,318.88,39.072,268.143,140.384
slab_217,7952,9113,200,33281,0.19,2549,-0.5,-4.28,-2.31,1000,45,1590,1822,6361,1822,1590,7290,6361,7290,-362.384,-36.36,-310.124,-167.36,362.385,36.36,310.124,167.36
slab_218,7329,13962,250,28045,0.19,2487,-0.76,-3.34,-1.81,750,45,1465,2792,5863,2792,1465,11169,5863,11169,-624.032,-77.6,-341.6,-185.408,624.033,77.6,341.6,185.409
slab_219,5841,8414,250,29259,0.2,2546,-1.0,-3.5,-1.8,500,90,1168,1682,4672,1682,1168,6731,4672,6731,-307.064,-49.128,-171.896,-88.256,307.064,49.128,171.896,88.256
slab_220,6050,13930,220,29361,0.2,2600,-0.45,-1.81,-0.76,750,90,1210,2786,4840,2786,1210,11144,4840,11144,-472.72,-37.84,-152.72,-64.0,472.72,37.84,152.72,64.0
slab_221,4656,11948,220,32184,0.21,2442,-0.62,-3.6,-2.06,750,45,931,2389,3724,2389,931,9558,3724,9558,-293.276,-34.624,-200.18,-114.624,293.277,34.624,200.18,114.624
slab_222,6622,10092,200,34879,0.22,2414,-0.85,-4.73,-3.12,1000,90,1324,2018,5297,2018,1324,8073,5297,8073,-316.508,-56.912,-316.116,-208.504,316.509,56.912,316.117,208.504
slab_223,5415,13137,180,29803,0.18,2546,-0.33,-2.97,-1.92,750,45,1083,2627,4332,2627,1083,10509,4332,10509,-319.816,-23.304,-211.32,-136.504,319.816,23.304,211.32,136.504
slab_224,6808,12923,220,33917,0.21,2461,-0.61,-2.94,-1.97,500,45,1361,2584,5446,2584,1361,10338,5446,10338,-467.392,-54.24,-259.2,-172.8,467.393,54.24,259.2,172.8
slab_225,7905,11683,220,34008,0.19,2504,-0.8,-3.23,-1.4,750,45,1581,2336,6324,2336,1581,9346,6324,9346,-499.216,-73.96,-298.472,-129.296,499.216,73.96,298.471,129.296
slab_226,6783,14227,250,28835,0.21,2593,-0.76,-2.91,-1.45,500,0,1356,2845,5426,2845,1356,11381,5426,11381,-613.8,-73.8,-280.8,-140.4,613.8,73.8,280.8,140.4
slab_227,6607,10245,200,30033,0.19,2557,-0.5,-2.4,-1.48,1000,0,1321,2049,5285,2049,1321,8196,5285,8196,-339.536,-33.872,-162.432,-100.176,339.536,33.872,162.432,100.176
slab_228,6339,15696,220,35516,0.19,2437,-0.49,-4.78,-2.65,750,45,1267,3139,5071,3139,1267,12556,5071,12556,-523.336,-48.72,-475.696,-263.64,523.336,48.72,475.697,263.64
slab_229,7441,9372,250,30653,0.21,2560,-0.47,-3.55,-2.1,1000,90,1488,1874,5952,1874,1488,7497,5952,7497,-437.792,-32.72,-247.58,-146.36,437.792,32.72,247.58,146.36
slab_230,5248,13827,200,32301,0.19,2513,-0.41,-3.85,-2.32,1000,0,1049,2765,4198,2765,1049,11061,4198,11061,-357.776,-29.76,-279.328,-168.36,357.776,29.76,279.327,168.36
slab_231,6898,13554,200,28297,0.2,2545,-0.3,-1.7,-0.76,500,90,1379,2710,5518,2710,1379,10843,5518,10843,-466.928,-28.6,-158.98,-70.932,466.928,28.599,158.981,70.932
slab_232,4041,8759,250,34710,0.2,2596,-0.95,-3.56,-1.67,750,0,808,1751,3232,1751,808,7007,3232,7007,-225.352,-33.664,-125.984,-59.144,225.352,33.664,125.984,59.143
slab_233,6165,10848,220,35497,0.18,2413,-0.45,-2.35,-1.06,500,0,1233,2169,4932,2169,1233,8678,4932,8678,-348.304,-29.992,-157.04,-70.912,348.304,29.992,157.04,70.912
slab_234,5600,11384,250,32534,0.21,2503,-0.47,-2.68,-1.34,1000,45,1120,2276,4480,2276,1120,9107,4480,9107,-391.328,-29.92,-170.832,-85.424,391.328,29.92,170.832,85.424
slab_235,7152,11020,220,32434,0.22,2531,-0.59,-3.03,-1.44,750,45,1430,2204,5721,2204,1430,8816,5721,8816,-430.56,-46.56,-238.8,-113.4,430.56,46.559,238.8,113.4
slab_236,5941,13637,180,30544,0.22,2410,-0.74,-2.22,-1.14,750,45,1188,2727,4752,2727,1188,10909,4752,10909,-344.696,-59.992,-179.8,-92.392,344.696,59.992,179.8,92.392
slab_237,7521,14955,250,35129,0.19,2481,-0.39,-3.65,-2.28,500,90,1504,2991,6016,2991,1504,11964,6016,11964,-684.0,-43.68,-410.16,-256.32,684.0,43.68,410.16,256.32
slab_238,7306,11199,220,31435,0.18,2585,-0.38,-4.5,-2.1,1000,90,1461,2239,5844,2239,1461,8959,5844,8959,-456.504,-31.136,-368.188,-171.816,456.504,31.136,368.187,171.816
slab_239,6237,13545,250,29637,0.2,2502,-0.37,-1.64,-0.68,500,90,1247,2709,4989,2709,1247,10836,4989,10836,-518.376,-31.344,-138.868,-57.584,518.376,31.344,138.867,57.584
slab_240,6266,12248,220,32775,0.18,2476,-0.84,-4.79,-2.84,500,0,1253,2449,5012,2449,1253,9798,5012,9798,-410.276,-64.2,-367.78,-217.444,410.277,64.2,367.78,217.443
slab_241,7053,10247,200,34894,0.19,2510,-0.93,-3.22,-1.89,1000,90,1410,2049,5642,2049,1410,8197,5642,8197,-355.892,-67.18,-232.66,-136.604,355.892,67.18,232.66,136.604
slab_242,5890,15147,250,30943,0.21,2436,-0.99,-1.57,-1.01,1000,0,1178,3029,4712,3029,1178,12117,4712,12117,-532.864,-88.288,-140.064,-90.176,532.864,88.288,140.064,90.176
slab_243,5158,9554,200,32482,0.22,2600,-0.95,-3.28,-2.09,750,45,1031,1910,4126,1910,1031,7643,4126,7643,-251.496,-46.832,-161.632,-103.032,251.496,46.832,161.631,103.032
slab_244,5472,11346,250,34737,0.19,2432,-0.85,-3.3,-1.46,750,90,1094,2269,4377,2269,1094,9076,4377,9076,-370.244,-52.728,-204.808,-90.584,370.244,52.728,204.808,90.584
slab_245,5744,8273,220,29261,0.19,2528,-0.46,-1.56,-0.73,1000,45,1148,1654,4595,1654,1148,6618,4595,6618,-259.248,-21.888,-74.112,-34.688,259.248,21.888,74.112,34.688
slab_246,5089,11566,180,35495,0.21,2446,-0.67,-4.75,-3.02,500,90,1017,2313,4071,2313,1017,9252,4071,9252,-254.04,-39.28,-279.804,-177.568,254.041,39.28,279.804,177.568
slab_247,4714,9068,180,30098,0.19,2531,-0.78,-3.07,-1.43,500,90,942,1813,3771,1813,942,7254,3771,7254,-191.208,-33.272,-131.24,-60.84,191.208,33.273,131.24,60.84
slab_248,5094,10931,250,32910,0.2,2406,-0.91,-2.83,-1.73,1000,45,1018,2186,4075,2186,1018,8744,4075,8744,-328.5,-50.664,-157.62,-96.336,328.5,50.664,157.619,96.336
slab_249,4927,14600,180,29247,0.22,2485,-0.76,-4.42,-2.6,500,45,985,2920,3941,2920,985,11680,3941,11680,-315.6,-55.188,-318.0,-187.2,315.6,55.189,318.0,187.2
slab_250,6028,10850,200,29704,0.21,2490,-0.59,-2.83,-1.23,750,45,1205,2170,4822,2170,1205,8680,4822,8680,-319.5,-38.46,-185.04,-80.46,319.5,38.46,185.04,80.46
slab_251,4738,9608,180,32877,0.21,2549,-0.57,-2.94,-2.0,750,45,947,1921,3790,1921,947,7686,3790,7686,-204.828,-25.984,-133.824,-91.128,204.828,25.984,133.823,91.129
slab_252,4812,12535,180,33464,0.19,2533,-0.77,-1.6,-0.78,500,0,962,2507,3849,2507,962,10028,3849,10028,-269.92,-46.848,-96.136,-46.88,269.92,46.848,96.136,46.88
slab_253,7280,14447,250,35614,0.18,2502,-0.51,-2.02,-0.99,500,90,1456,2889,5824,2889,1456,11557,5824,11557,-645.804,-54.0,-212.4,-104.4,645.804,54.0,212.4,104.4
slab_254,4066,12666,180,35306,0.19,2446,-0.33,-2.74,-1.21,750,0,813,2533,3252,2533,813,10132,3252,10132,-222.456,-16.992,-141.164,-62.272,222.456,16.992,141.164,62.272
slab_255,7460,14805,200,32044,0.2,2458,-0.56,-3.23,-2.24,1000,0,1492,2961,5968,2961,1492,11844,5968,11844,-532.62,-61.92,-356.7,-247.38,532.62,61.92,356.7,247.38
slab_256,5090,14232,200,30763,0.21,2540,-0.76,-4.75,-1.93,500,0,1018,2846,4072,2846,1018,11385,4072,11385,-361.344,-55.08,-344.16,-140.16,361.344,55.08,344.16,140.16
slab_257,7007,11350,250,31060,0.18,2514,-0.32,-4.12,-2.66,1000,0,1401,2270,5605,2270,1401,9080,5605,9080,-490.376,-25.412,-327.64,-211.544,490.376,25.412,327.64,211.544
slab_258,5527,8381,220,31322,0.19,2522,-0.69,-3.94,-2.02,500,90,1105,1676,4421,1676,1105,6704,4421,6704,-252.116,-31.852,-182.516,-93.388,252.116,31.852,182.516,93.388
slab_259,7092,12538,250,31994,0.21,2451,-0.54,-2.06,-0.97,750,0,1418,2507,5673,2507,1418,10030,5673,10030,-534.552,-47.888,-183.28,-86.48,534.552,47.888,183.28,86.48
slab_260,7888,9105,200,30701,0.21,2442,-0.68,-1.63,-0.95,500,90,1577,1821,6310,1821,1577,7284,6310,7284,-344.28,-48.992,-117.248,-68.392,344.279,48.992,117.248,68.391
slab_261,5757,13164,200,33469,0.19,2425,-0.52,-2.92,-1.99,750,0,1151,2632,4605,2632,1151,10531,4605,10531,-360.64,-39.296,-221.336,-150.892,360.64,39.296,221.335,150.892
slab_262,6877,13832,220,35678,0.21,2554,-0.76,-3.69,-1.77,500,45,1375,2766,5501,2766,1375,11065,5501,11065,-523.996,-72.616,-350.776,-168.604,523.996,72.616,350.775,168.605
slab_263,6094,10335,250,28108,0.19,2506,-0.79,-4.29,-1.88,1000,45,1218,2067,4875,2067,1218,8268,4875,8268,-387.096,-49.776,-270.252,-118.44,387.095,49.776,270.252,118.44
slab_264,4803,12031,180,30739,0.21,2439,-0.49,-4.59,-2.45,750,0,960,2406,3842,2406,960,9624,3842,9624,-248.864,-28.224,-265.296,-141.584,248.864,28.224,265.296,141.584
slab_265,6389,12419,180,29764,0.19,2528,-0.46,-4.76,-2.73,500,45,1277,2483,5111,2483,1277,9935,5111,9935,-354.4,-36.0,-377.68,-216.1,354.4,36.0,377.68,216.1
slab_266,4679,8118,180,34411,0.2,2414,-0.66,-3.88,-2.44,1000,90,935,1623,3743,1623,935,6494,3743,6494,-161.932,-25.0,-147.344,-92.672,161.931,25.0,147.344,92.672
slab_267,6371,10434,200,28220,0.22,2474,-0.93,-3.28,-1.57,500,90,1274,2086,5096,2086,1274,8347,5096,8347,-322.48,-61.948,-218.14,-104.16,322.48,61.948,218.14,104.16
slab_268,5944,8178,200,31944,0.22,2413,-0.79,-3.7,-1.91,500,0,1188,1635,4755,1635,1188,6542,4755,6542,-230.24,-38.24,-179.9,-92.656,230.24,38.24,179.9,92.656
slab_269,5510,9440,220,30712,0.18,2406,-0.47,-2.13,-1.17,1000,45,1102,1888,4408,1888,1102,7552,4408,7552,-270.08,-24.48,-110.72,-60.8,270.08,24.48,110.72,60.8
slab_270,6550,10944,250,30945,0.21,2413,-0.55,-1.75,-1.22,500,90,1310,2188,5240,2188,1310,8755,5240,8755,-424.256,-39.584,-125.728,-87.232,424.256,39.584,125.728,87.232
slab_271,4674,13742,250,31016,0.21,2578,-0.74,-3.05,-1.58,1000,0,934,2748,3739,2748,934,10993,3739,10993,-406.096,-47.416,-195.852,-101.4,406.096,47.416,195.852,101.4
slab_272,6870,10253,220,30536,0.2,2496,-0.7,-3.18,-1.98,500,90,1374,2050,5496,2050,1374,8202,5496,8202,-379.56,-49.44,-223.56,-139.26,379.56,49.44,223.56,139.26
slab_273,4048,12511,180,30633,0.2,2533,-0.72,-3.5,-2.16,500,90,809,2502,3238,2502,809,10008,3238,10008,-226.648,-36.224,-177.092,-109.24,226.648,36.224,177.092,109.24
slab_274,6016,9981,250,34499,0.2,2592,-0.43,-2.87,-1.78,500,45,1203,1996,4812,1996,1203,7984,4812,7984,-381.764,-25.92,-172.8,-106.72,381.765,25.92,172.8,106.72
slab_275,7694,10478,250,32265,0.19,2497,-0.96,-2.63,-1.57,1000,90,1538,2095,6155,2095,1538,8382,6155,8382,-493.724,-77.436,-211.94,-126.608,493.724,77.436,211.94,126.608
slab_276,6009,10061,180,33405,0.21,2420,-0.39,-4.83,-3.1,1000,45,1201,2012,4807,2012,1201,8048,4807,8048,-258.296,-23.576,-292.032,-187.392,258.296,23.576,292.031,187.392
slab_277,4962,9485,180,33926,0.22,2503,-0.97,-3.53,-2.2,500,45,992,1897,3969,1897,992,7588,3969,7588,-208.0,-45.6,-166.4,-103.256,208.0,45.6,166.4,103.256
slab_278,6301,15582,220,28528,0.19,2581,-0.7,-4.61,-2.47,1000,0,1260,3116,5040,3116,1260,12465,5040,12465,-546.816,-68.8,-452.576,-242.624,546.815,68.8,452.576,242.624
slab_279,5398,11808,250,34250,0.19,2556,-0.34,-4.72,-3.14,500,45,1079,2361,4318,2361,1079,9446,4318,9446,-399.304,-21.7,-300.952,-200.28,399.304,21.7,300.951,200.281
slab_280,5935,13350,250,30095,0.19,2537,-0.66,-2.96,-1.35,1000,0,1187,2670,4748,2670,1187,10680,4748,10680,-493.02,-52.32,-234.48,-106.8,493.02,52.32,234.48,106.8
slab_281,7224,13642,220,34599,0.21,2549,-0.76,-4.87,-2.11,500,45,1444,2728,5779,2728,1444,10913,5779,10913,-542.084,-75.12,-479.82,-207.74,542.083,75.12,479.819,207.74
slab_282,6361,10496,180,28408,0.22,2502,-0.85,-4.85,-3.3,750,0,1272,2099,5088,2099,1272,8396,5088,8396,-295.136,-57.0,-323.936,-220.224,295.135,57.0,323.935,220.224
slab_283,6533,14357,250,35932,0.21,2469,-0.48,-1.84,-0.9,750,0,1306,2871,5226,2871,1306,11485,5226,11485,-567.992,-44.8,-172.8,-84.628,567.993,44.8,172.8,84.628
slab_284,6861,9104,180,32712,0.21,2528,-0.31,-3.4,-1.94,500,0,1372,1820,5488,1820,1372,7283,5488,7283,-278.6,-19.56,-212.34,-121.08,278.6,19.56,212.34,121.08
slab_285,6155,15993,220,28317,0.19,2491,-0.46,-2.96,-1.43,500,90,1231,3198,4924,3198,1231,12794,4924,12794,-529.624,-45.184,-291.632,-140.272,529.625,45.184,291.632,140.272
slab_286,6538,15329,250,35478,0.18,2547,-0.42,-3.77,-1.64,1000,45,1307,3065,5230,3065,1307,12263,5230,12263,-626.1,-42.176,-377.808,-164.344,626.1,42.176,377.808,164.344
slab_287,5465,10797,180,29879,0.2,2479,-0.51,-4.97,-2.68,1000,90,1093,2159,4372,2159,1093,8637,4372,8637,-258.252,-30.032,-293.256,-158.112,258.252,30.032,293.256,158.112
slab_288,5804,9078,220,31921,0.2,2468,-0.87,-4.89,-3.19,1000,90,1160,1815,4643,1815,1160,7262,4643,7262,-280.652,-45.904,-257.62,-168.036,280.652,45.904,257.62,168.035
slab_289,4030,11614,200,31250,0.2,2582,-0.7,-2.66,-1.67,1000,0,806,2322,3224,2322,806,9291,3224,9291,-237.04,-32.68,-124.56,-78.16,237.04,32.68,124.56,78.16
slab_290,4994,10227,200,28768,0.19,2529,-0.34,-3.09,-1.8,500,0,998,2045,3995,2045,998,8181,3995,8181,-253.2,-17.2,-157.84,-91.92,253.201,17.2,157.84,91.92
slab_291,4493,13904,180,30222,0.19,2575,-0.65,-3.34,-2.26,500,90,898,2780,3594,2780,898,11123,3594,11123,-284.36,-40.8,-208.64,-141.6,284.36,40.8,208.64,141.6
slab_292,5582,15487,180,32726,0.2,2565,-0.9,-4.58,-2.25,750,45,1116,3097,4465,3097,1116,12389,4465,12389,-391.568,-77.88,-395.888,-194.348,391.568,77.88,395.888,194.348
slab_293,4502,10468,220,28198,0.19,2415,-0.38,-3.83,-2.42,1000,0,900,2093,3601,2093,900,8374,3601,8374,-245.632,-17.98,-180.524,-114.06,245.631,17.98,180.524,114.06
slab_294,4566,9615,220,34334,0.21,2427,-0.73,-2.08,-1.25,750,90,913,1923,3652,1923,913,7692,3652,7692,-230.036,-31.968,-91.264,-54.832,230.037,31.968,91.264,54.832
slab_295,6917,15574,220,28491,0.21,2417,-0.72,-3.92,-1.78,1000,0,1383,3114,5533,3114,1383,12459,5533,12459,-561.88,-77.536,-422.224,-191.88,561.88,77.536,422.224,191.88
slab_296,5497,10861,250,30349,0.18,2588,-0.61,-3.76,-1.58,1000,45,1099,2172,4397,2172,1099,8688,4397,8688,-378.944,-36.432,-224.392,-94.288,378.944,36.432,224.392,94.288
slab_297,7755,14768,200,28759,0.2,2534,-0.67,-4.93,-2.48,500,0,1551,2953,6204,2953,1551,11814,6204,11814,-569.48,-76.32,-564.0,-283.68,569.48,76.32,564.0,283.68
slab_298,5846,11902,220,32503,0.2,2471,-0.78,-4.06,-1.99,500,90,1169,2380,4676,2380,1169,9521,4676,9521,-370.888,-54.4,-282.46,-138.4,370.888,54.4,282.46,138.4
slab_299,6955,8770,250,33032,0.18,2476,-0.57,-2.56,-1.28,1000,45,1391,1754,5564,1754,1391,7016,5564,7016,-370.36,-34.72,-156.0,-78.0,370.36,34.72,156.0,78.0
slab_300,5857,8727,250,28067,0.2,2468,-0.91,-4.53,-2.43,1000,90,1171,1745,4685,1745,1171,6981,4685,6981,-309.392,-46.4,-231.552,-124.256,309.392,46.4,231.552,124.256
slab_301,6417,11164,200,29225,0.19,2591,-0.87,-1.56,-0.98,1000,90,1283,2232,5133,2232,1283,8931,5133,8931,-364.216,-62.368,-111.672,-70.248,364.216,62.368,111.672,70.248
slab_302,6311,9151,250,30334,0.21,2403,-0.64,-3.34,-1.81,1000,90,1262,1830,5048,1830,1262,7320,5048,7320,-340.368,-36.976,-192.848,-104.496,340.368,36.975,192.848,104.496
slab_303,7525,10677,200,33528,0.21,2459,-0.54,-3.46,-2.31,500,45,1505,2135,6020,2135,1505,8541,6020,8541,-387.8,-43.44,-277.68,-185.232,387.799,43.44,277.68,185.232
slab_304,7762,10952,250,33686,0.2,2506,-0.69,-2.32,-1.46,1000,45,1552,2190,6209,2190,1552,8761,6209,8761,-522.416,-58.7,-197.232,-124.084,522.416,58.7,197.233,124.084
slab_305,7070,14436,220,32562,0.2,2597,-0.7,-3.29,-1.76,750,0,1414,2887,5656,2887,1414,11548,5656,11548,-571.96,-71.2,-335.96,-179.92,571.96,71.2,335.96,179.92
slab_306,4949,13409,220,30092,0.21,2500,-0.84,-3.07,-2.07,750,90,989,2681,3959,2681,989,10727,3959,10727,-358.088,-55.84,-203.784,-137.408,358.087,55.84,203.784,137.408
slab_307,4628,15442,200,30496,0.21,2461,-0.67,-1.89,-0.89,750,45,925,3088,3702,3088,925,12353,3702,12353,-345.04,-47.904,-135.2,-63.504,345.04,47.904,135.2,63.504
slab_308,4811,14325,250,29795,0.22,2599,-0.62,-1.87,-1.18,500,0,962,2865,3848,2865,962,11460,3848,11460,-439.2,-43.2,-128.4,-81.6,439.2,43.2,128.4,81.6
slab_309,7022,8644,220,28860,0.2,2404,-0.59,-2.01,-1.05,500,90,1404,1728,5617,1728,1404,6915,5617,6915,-314.664,-36.18,-122.22,-63.72,314.664,36.18,122.22,63.72
slab_310,5571,8845,250,28018,0.2,2529,-0.93,-3.06,-1.5,750,0,1114,1769,4456,1769,1114,7076,4456,7076,-305.636,-45.824,-150.76,-73.92,305.636,45.824,150.76,73.92
slab_311,6623,10448,250,28802,0.19,2572,-0.94,-3.59,-1.74,500,0,1324,2089,5298,2089,1324,8358,5298,8358,-436.512,-64.896,-248.352,-120.28,436.512,64.896,248.352,120.28
slab_312,5213,13584,200,28455,0.21,2577,-0.45,-4.71,-2.85,500,45,1042,2716,4170,2716,1042,10867,4170,10867,-358.26,-32.088,-333.168,-202.016,358.26,32.088,333.168,202.016
slab_313,4484,8739,200,35447,0.19,2463,-0.7,-2.75,-1.66,500,0,896,1747,3587,1747,896,6991,3587,6991,-189.328,-27.16,-107.872,-65.08,189.329,27.16,107.872,65.08
slab_314,7740,15502,180,35516,0.21,2403,-0.43,-4.32,-2.5,750,0,1548,3100,6192,3100,1548,12401,6192,12401,-509.168,-51.524,-518.528,-300.116,509.168,51.524,518.528,300.115
slab_315,7718,11406,250,33236,0.2,2572,-0.6,-4.68,-3.08,1000,90,1543,2281,6174,2281,1543,9124,6174,9124,-555.272,-52.864,-411.908,-271.124,555.272,52.864,411.908,271.124
slab_316,6555,10151,200,34659,0.22,2576,-0.51,-4.88,-2.84,1000,45,1311,2030,5244,2030,1311,8120,5244,8120,-336.368,-34.016,-324.768,-188.944,336.368,34.016,324.768,188.944
slab_317,4719,9796,250,35281,0.21,2452,-0.85,-4.47,-2.89,500,90,943,1959,3775,1959,943,7836,3775,7836,-278.176,-39.2,-206.4,-133.6,278.176,39.2,206.4,133.6
slab_318,5831,8028,220,30233,0.22,2514,-0.83,-4.18,-2.82,500,45,1166,1605,4664,1605,1166,6422,4664,6422,-253.9,-38.912,-195.936,-131.984,253.9,38.912,195.936,131.984
slab_319,7091,12231,200,35073,0.2,2448,-0.75,-2.95,-2.06,1000,90,1418,2446,5672,2446,1418,9784,5672,9784,-416.528,-64.968,-256.0,-178.648,416.528,64.968,256.001,178.648
slab_320,5111,15196,200,31719,0.2,2512,-0.86,-3.52,-1.69,1000,0,1022,3039,4088,3039,1022,12156,4088,12156,-382.848,-66.688,-273.424,-131.2,382.849,66.688,273.424,131.2
slab_321,6148,12854,220,29305,0.18,2480,-0.57,-2.53,-1.26,1000,0,1229,2570,4918,2570,1229,10283,4918,10283,-423.008,-45.064,-199.908,-99.616,423.009,45.064,199.908,99.616
slab_322,5218,8598,200,28159,0.19,2419,-0.69,-3.26,-2.25,500,45,1043,1719,4174,1719,1043,6878,4174,6878,-212.88,-30.864,-146.372,-100.952,212.88,30.864,146.372,100.952
slab_323,4771,14142,250,33210,0.19,2474,-0.62,-1.88,-0.85,750,45,954,2828,3816,2828,954,11313,3816,11313,-409.336,-41.6,-127.032,-57.52,409.336,41.6,127.032,57.52
slab_324,4438,13651,220,33555,0.19,2476,-0.52,-4.48,-2.05,1000,45,887,2730,3550,2730,887,10920,3550,10920,-323.74,-31.5,-271.44,-124.2,323.74,31.5,271.44,124.2
slab_325,4356,12364,200,29399,0.2,2469,-0.76,-3.31,-1.89,1000,45,871,2472,3484,2472,871,9891,3484,9891,-260.836,-40.856,-178.216,-101.824,260.836,40.856,178.216,101.824
slab_326,5219,12627,180,33551,0.18,2521,-0.37,-2.91,-1.42,750,90,1043,2525,4175,2525,1043,10101,4175,10101,-293.344,-24.368,-191.88,-93.564,293.344,24.368,191.88,93.564
slab_327,6531,12488,220,30555,0.2,2438,-0.67,-3.79,-2.46,1000,0,1306,2497,5224,2497,1306,9990,5224,9990,-429.184,-54.72,-309.056,-200.584,429.183,54.72,309.056,200.585
slab_328,5679,8187,180,33395,0.22,2537,-0.72,-2.57,-1.06,1000,0,1135,1637,4543,1637,1135,6549,4543,6549,-208.232,-33.52,-119.512,-49.312,208.232,33.52,119.512,49.312
slab_329,5540,9612,200,34554,0.2,2411,-0.93,-3.44,-2.38,1000,0,1108,1922,4432,1922,1108,7689,4432,7689,-251.952,-49.6,-183.2,-126.72,251.952,49.6,183.2,126.72
slab_330,6516,15390,220,28374,0.21,2416,-0.7,-3.5,-2.42,1000,90,1303,3078,5212,3078,1303,12312,5212,12312,-522.832,-70.24,-351.056,-242.688,522.832,70.24,351.056,242.688
slab_331,6957,9660,200,35645,0.2,2406,-0.96,-2.6,-1.46,500,45,1391,1932,5565,1932,1391,7728,5565,7728,-316.8,-64.8,-175.2,-98.4,316.8,64.8,175.2,98.4
slab_332,7274,12884,220,28663,0.19,2409,-0.35,-3.19,-1.78,750,90,1454,2576,5819,2576,1454,10307,5819,10307,-487.392,-32.92,-299.064,-166.92,487.392,32.92,299.064,166.92
slab_333,4719,15852,180,35297,0.21,2403,-0.6,-2.43,-1.64,1000,90,943,3170,3775,3170,943,12681,3775,12681,-317.368,-44.92,-181.704,-122.7,317.368,44.92,181.704,122.7
slab_334,4656,8605,220,32608,0.21,2570,-0.88,-4.48,-2.37,500,90,931,1721,3724,1721,931,6884,3724,6884,-222.28,-35.2,-179.544,-94.92,222.28,35.2,179.544,94.92
slab_335,7112,9648,250,34893,0.2,2521,-0.3,-3.72,-1.62,500,90,1422,1929,5689,1929,1422,7718,5689,7718,-424.512,-20.4,-255.6,-111.6,424.512,20.4,255.6,111.6
slab_336,5094,12277,180,33395,0.21,2484,-0.91,-1.71,-1.03,1000,0,1018,2455,4075,2455,1018,9821,4075,9821,-274.32,-56.928,-106.916,-64.384,274.32,56.928,106.917,64.384
slab_337,6661,14625,250,28056,0.18,2487,-0.64,-1.59,-0.97,1000,90,1332,2925,5328,2925,1332,11700,5328,11700,-594.12,-62.4,-154.8,-94.44,594.12,62.4,154.8,94.44
slab_338,7022,11873,200,30283,0.2,2434,-0.76,-4.43,-2.46,750,90,1404,2374,5617,2374,1404,9498,5617,9498,-398.1,-63.28,-369.392,-205.144,398.1,63.28,369.392,205.144
slab_339,4339,8557,200,32891,0.2,2524,-0.74,-3.91,-2.62,1000,90,867,1711,3471,1711,867,6845,3471,6845,-183.88,-27.4,-145.16,-97.232,183.88,27.4,145.16,97.233
slab_340,7258,9433,200,30836,0.19,2536,-0.8,-2.74,-1.28,750,45,1451,1886,5806,1886,1451,7546,5806,7546,-340.712,-54.8,-187.736,-87.52,340.713,54.8,187.736,87.52
slab_341,7842,11537,220,28508,0.19,2402,-0.41,-3.14,-2.07,500,90,1568,2307,6273,2307,1568,9229,6273,9229,-468.584,-37.28,-284.016,-186.88,468.583,37.28,284.016,186.88
slab_342,4269,12438,180,28911,0.18,2492,-0.71,-3.62,-1.6,750,45,853,2487,3415,2487,853,9950,3415,9950,-233.68,-37.744,-192.224,-84.8,233.68,37.744,192.224,84.8
slab_343,7192,9704,220,30285,0.2,2510,-0.71,-4.2,-2.12,500,90,1438,1940,5753,1940,1438,7763,5753,7763,-378.016,-49.2,-292.856,-147.612,378.016,49.2,292.856,147.611
slab_344,6676,13037,250,29909,0.18,2564,-0.82,-4.91,-2.54,750,0,1335,2607,5340,2607,1335,10429,5340,10429,-547.24,-71.16,-427.432,-220.88,547.239,71.16,427.432,220.879
slab_345,6543,10503,200,28715,0.19,2426,-0.72,-2.94,-1.32,1000,0,1308,2100,5234,2100,1308,8402,5234,8402,-327.072,-49.48,-201.992,-90.72,327.072,49.48,201.993,90.72
slab_346,5545,9515,200,29986,0.2,2599,-0.96,-2.1,-1.31,500,90,1109,1903,4436,1903,1109,7612,4436,7612,-268.8,-50.4,-110.8,-69.28,268.8,50.4,110.8,69.28
slab_347,5614,9098,200,30199,0.2,2599,-0.93,-2.48,-1.65,750,45,1122,1819,4491,1819,1122,7278,4491,7278,-260.408,-47.496,-126.608,-84.36,260.408,47.496,126.608,84.36
slab_348,7768,11410,180,28862,0.19,2487,-0.36,-2.11,-1.0,1000,45,1553,2282,6214,2282,1553,9128,6214,9128,-389.276,-31.864,-187.084,-88.648,389.276,31.864,187.084,88.648
slab_349,5944,13970,200,34505,0.19,2527,-1.0,-3.55,-1.82,750,90,1188,2794,4755,2794,1188,11176,4755,11176,-411.84,-83.28,-294.72,-151.28,411.84,83.28,294.72,151.28
slab_350,6807,15679,250,34878,0.2,2560,-0.91,-2.37,-1.39,500,90,1361,3135,5445,3135,1361,12543,5445,12543,-670.32,-96.78,-252.504,-148.56,670.32,96.78,252.504,148.56
slab_351,7007,11688,180,31915,0.21,2592,-0.9,-4.56,-2.35,750,90,1401,2337,5605,2337,1401,9350,5605,9350,-374.804,-73.84,-373.44,-192.624,374.804,73.84,373.44,192.623
slab_352,5587,8270,250,31736,0.22,2533,-0.57,-3.82,-1.91,1000,45,1117,1654,4469,1654,1117,6616,4469,6616,-287.064,-26.4,-176.472,-88.288,287.064,26.4,176.472,88.288
slab_353,6622,8227,200,35647,0.19,2464,-0.51,-4.29,-2.21,500,0,1324,1645,5297,1645,1324,6581,5297,6581,-263.3,-27.712,-233.824,-120.128,263.3,27.712,233.824,120.128
slab_354,7487,11648,250,28002,0.19,2421,-0.46,-2.65,-1.49,750,90,1497,2329,5989,2329,1497,9318,5989,9318,-517.88,-40.0,-231.28,-129.872,517.88,40.0,231.28,129.872
slab_355,6571,10665,180,35118,0.21,2530,-0.55,-2.19,-1.03,1000,45,1314,2133,5256,2133,1314,8532,5256,8532,-313.104,-38.544,-153.504,-72.144,313.104,38.544,153.504,72.144
slab_356,6520,13026,180,29659,0.22,2596,-0.63,-1.91,-1.31,500,45,1304,2605,5216,2605,1304,10420,5216,10420,-389.144,-53.44,-161.872,-111.552,389.144,53.44,161.872,111.552
slab_357,6642,9525,250,33134,0.19,2557,-0.79,-1.68,-0.84,750,0,1328,1905,5313,1905,1328,7620,5313,7620,-396.756,-50.0,-106.16,-53.36,396.756,50.0,106.16,53.36
slab_358,5826,12855,250,30682,0.21,2428,-0.84,-2.95,-1.85,750,90,1165,2571,4660,2571,1165,10284,4660,10284,-446.068,-62.948,-220.684,-138.628,446.068,62.948,220.684,138.628
slab_359,5492,12666,200,32586,0.19,2464,-0.98,-1.51,-0.65,750,90,1098,2533,4393,2533,1098,10132,4393,10132,-336.24,-68.208,-105.056,-45.344,336.24,68.208,105.056,45.344
slab_360,7236,13121,220,35292,0.21,2593,-0.55,-4.93,-2.07,500,0,1447,2624,5788,2624,1447,10496,5788,10496,-531.12,-52.56,-467.84,-196.56,531.12,52.56,467.84,196.56
slab_361,6380,9317,220,35784,0.19,2454,-0.77,-3.54,-1.79,750,90,1276,1863,5104,1863,1276,7453,5104,7453,-314.8,-45.76,-210.6,-106.44,314.8,45.76,210.6,106.44
slab_362,6233,10158,220,28130,0.2,2494,-0.77,-3.96,-1.72,750,45,1246,2031,4986,2031,1246,8126,4986,8126,-340.86,-48.78,-250.7,-108.96,340.86,48.78,250.7,108.96
slab_363,7226,9236,180,34895,0.21,2536,-0.94,-2.65,-1.41,750,45,1445,1847,5780,1847,1445,7388,5780,7388,-298.808,-62.96,-177.04,-94.064,298.808,62.96,177.04,94.064
slab_364,7319,14092,200,30975,0.2,2576,-0.9,-3.76,-2.42,1000,0,1463,2818,5855,2818,1463,11273,5855,11273,-521.364,-93.0,-387.872,-249.54,521.365,93.0,387.871,249.54
slab_365,6616,11073,180,28190,0.2,2532,-0.52,-1.6,-0.79,500,0,1323,2214,5292,2214,1323,8858,5292,8858,-327.548,-38.24,-117.216,-57.92,327.547,38.24,117.216,57.92
slab_366,5755,8927,250,32940,0.21,2452,-0.78,-3.66,-2.46,500,90,1151,1785,4604,1785,1151,7141,4604,7141,-308.94,-39.948,-188.168,-126.344,308.939,39.948,188.168,126.344
slab_367,7656,14229,200,32112,0.2,2438,-0.45,-2.5,-1.73,1000,45,1531,2845,6124,2845,1531,11383,6124,11383,-521.04,-49.08,-272.42,-188.46,521.04,49.08,272.42,188.46
slab_368,5368,12459,220,33783,0.2,2583,-0.47,-2.19,-1.53,1000,90,1073,2491,4294,2491,1073,9967,4294,9967,-372.856,-31.392,-146.432,-102.384,372.856,31.392,146.432,102.384
slab_369,4931,8804,180,33359,0.18,2488,-0.6,-5.0,-2.2,750,0,986,1760,3944,1760,986,7043,3944,7043,-190.728,-25.984,-217.0,-95.552,190.728,25.984,217.0,95.552
slab_370,7443,11568,200,30303,0.19,2493,-0.37,-1.6,-0.94,1000,0,1488,2313,5954,2313,1488,9254,5954,9254,-421.128,-31.864,-137.716,-80.896,421.129,31.864,137.716,80.896
slab_371,7006,10860,180,35744,0.21,2545,-0.75,-3.12,-1.37,1000,90,1401,2172,5604,2172,1401,8688,5604,8688,-341.948,-57.044,-237.416,-104.208,341.947,57.044,237.416,104.209
slab_372,6709,14097,250,35809,0.19,2472,-0.59,-3.93,-1.89,500,45,1341,2819,5367,2819,1341,11277,5367,11277,-573.188,-55.98,-371.884,-178.38,573.188,55.98,371.884,178.38
slab_373,6354,10751,220,29147,0.19,2529,-0.43,-4.41,-2.14,1000,90,1270,2150,5083,2150,1270,8600,5083,8600,-372.816,-29.296,-301.244,-146.196,372.816,29.296,301.243,146.196
slab_374,4931,9981,180,34844,0.2,2585,-0.65,-3.96,-1.96,1000,90,986,1996,3944,1996,986,7984,3944,7984,-224.648,-32.0,-194.88,-96.44,224.648,32.0,194.88,96.44
slab_375,6624,8185,250,29523,0.22,2485,-0.68,-3.01,-1.74,500,45,1324,1637,5299,1637,1324,6548,5299,6548,-330.496,-36.912,-163.28,-94.176,330.496,36.912,163.28,94.176
slab_376,4210,11998,180,28069,0.18,2431,-0.51,-2.2,-1.05,750,0,842,2399,3368,2399,842,9598,3368,9598,-216.8,-25.76,-111.136,-52.96,216.8,25.76,111.136,52.96
slab_377,5076,9302,220,32353,0.21,2432,-0.81,-4.97,-2.11,500,45,1015,1860,4060,1860,1015,7441,4060,7441,-247.724,-38.32,-234.536,-99.76,247.724,38.32,234.535,99.76
slab_378,7412,14170,250,33193,0.21,2503,-0.4,-3.72,-1.78,1000,0,1482,2834,5929,2834,1482,11336,5929,11336,-644.58,-42.0,-390.54,-187.056,644.58,42.0,390.54,187.055
slab_379,5305,11268,250,32098,0.21,2467,-0.73,-2.0,-1.23,750,90,1061,2253,4244,2253,1061,9014,4244,9014,-361.756,-43.64,-119.352,-73.376,361.756,43.64,119.352,73.376
slab_380,6453,13866,250,35614,0.21,2504,-0.71,-1.56,-1.05,500,0,1290,2773,5162,2773,1290,11092,5162,11092,-549.524,-63.384,-139.364,-93.8,549.524,63.384,139.364,93.8
slab_381,6627,15746,250,34343,0.19,2519,-0.46,-3.39,-2.18,750,45,1325,3149,5301,3149,1325,12596,5301,12596,-644.808,-47.8,-353.76,-227.324,644.809,47.8,353.76,227.324
slab_382,5412,12790,200,33631,0.21,2484,-0.62,-4.47,-3.08,1000,0,1082,2558,4329,2558,1082,10232,4329,10232,-337.368,-42.96,-309.396,-213.252,337.369,42.96,309.397,213.251
slab_383,6333,11215,180,30506,0.18,2585,-0.76,-2.01,-1.31,750,90,1266,2243,5066,2243,1266,8972,5066,8972,-324.144,-54.0,-142.8,-93.0,324.145,54.0,142.8,93.0
slab_384,7952,11326,200,30491,0.22,2494,-0.54,-2.65,-1.48,500,45,1590,2265,6361,2265,1590,9060,6361,9060,-440.468,-48.288,-238.304,-133.408,440.468,48.288,238.304,133.408
slab_385,4260,14048,250,29097,0.19,2573,-0.69,-2.21,-1.02,1000,45,852,2809,3408,2809,852,11238,3408,11238,-377.64,-41.4,-132.3,-60.94,377.64,41.4,132.3,60.94
slab_386,5927,13455,250,30986,0.19,2597,-0.84,-2.55,-1.46,750,0,1185,2691,4741,2691,1185,10764,4741,10764,-507.9,-66.968,-203.324,-116.676,507.9,66.968,203.324,116.676
slab_387,7595,9775,220,32545,0.22,2510,-0.51,-4.39,-3.04,500,90,1519,1955,6076,1955,1519,7820,6076,7820,-402.2,-37.76,-325.728,-225.44,402.2,37.76,325.728,225.44
slab_388,7347,13834,220,30293,0.2,2441,-0.84,-1.56,-0.65,1000,45,1469,2766,5877,2766,1469,11067,5877,11067,-535.5,-85.38,-158.46,-66.0,535.5,85.38,158.46,66.0
slab_389,5849,14757,200,35026,0.22,2540,-0.34,-2.07,-1.09,1000,0,1169,2951,4679,2951,1169,11805,4679,11805,-430.16,-29.28,-178.8,-94.08,430.16,29.28,178.8,94.08
slab_390,4714,11625,200,35680,0.19,2507,-0.52,-2.03,-1.25,1000,0,942,2325,3771,2325,942,9300,3771,9300,-269.544,-28.48,-111.272,-68.492,269.544,28.48,111.272,68.492
slab_391,6197,8275,200,31334,0.22,2554,-0.97,-2.32,-0.95,750,90,1239,1655,4957,1655,1239,6620,4957,6620,-256.996,-49.752,-118.968,-48.564,256.995,49.752,118.968,48.564
slab_392,4937,14691,220,33215,0.2,2524,-0.55,-2.27,-1.42,1000,45,987,2938,3949,2938,987,11752,3949,11752,-395.116,-39.9,-164.7,-102.92,395.116,39.9,164.7,102.92
slab_393,6664,12501,220,32838,0.2,2427,-0.81,-4.04,-1.75,750,90,1332,2500,5331,2500,1332,10000,5331,10000,-436.448,-67.28,-336.608,-145.84,436.449,67.28,336.608,145.84
slab_394,4368,12206,200,33431,0.18,2445,-0.32,-2.73,-1.5,750,45,873,2441,3494,2441,873,9764,3494,9764,-255.74,-17.024,-145.48,-80.0,255.741,17.024,145.48,80.0
slab_395,4754,14333,180,29139,0.19,2400,-0.54,-4.64,-2.12,500,90,950,2866,3803,2866,950,11466,3803,11466,-288.968,-37.2,-316.336,-144.0,288.968,37.2,316.336,144.0
slab_396,6388,11140,250,31622,0.2,2502,-0.32,-2.29,-1.42,1000,90,1277,2228,5110,2228,1277,8912,5110,8912,-436.68,-22.784,-162.928,-101.064,436.68,22.784,162.929,101.064
slab_397,6205,13334,200,30045,0.2,2423,-0.65,-4.42,-2.3,500,90,1241,2666,4964,2666,1241,10667,4964,10667,-393.104,-54.336,-365.58,-190.464,393.103,54.336,365.58,190.464
slab_398,5098,13792,220,34314,0.19,2553,-0.95,-2.96,-1.44,500,45,1019,2758,4078,2758,1019,11033,4078,11033,-387.48,-66.944,-207.976,-101.412,387.479,66.944,207.976,101.413
slab_399,7148,13305,220,31649,0.19,2567,-0.7,-1.64,-1.01,750,90,1429,2661,5718,2661,1429,10644,5718,10644,-526.888,-66.6,-156.12,-96.04,526.888,66.6,156.12,96.04
slab_400,5801,12052,250,35223,0.2,2404,-0.95,-4.39,-2.84,1000,90,1160,2410,4640,2410,1160,9641,4640,9641,-412.184,-66.52,-306.888,-198.488,412.184,66.52,306.887,198.489
slab_401,6692,8172,180,30418,0.2,2463,-0.84,-4.04,-2.27,750,90,1338,1634,5353,1634,1338,6537,5353,6537,-237.868,-45.928,-220.86,-124.16,237.869,45.928,220.86,124.16
slab_402,6245,12531,250,32532,0.21,2568,-0.5,-2.95,-1.96,750,0,1249,2506,4996,2506,1249,10024,4996,10024,-492.74,-39.12,-230.932,-153.38,492.74,39.12,230.932,153.38
slab_403,6765,10399,200,32818,0.22,2470,-0.59,-1.67,-0.96,500,45,1353,2079,5412,2079,1353,8319,5412,8319,-340.56,-41.76,-117.0,-67.56,340.56,41.76,117.0,67.56
slab_404,5501,11912,220,33696,0.22,2556,-0.75,-2.88,-1.69,750,90,1100,2382,4400,2382,1100,9529,4400,9529,-361.576,-49.088,-188.768,-110.648,361.576,49.088,188.768,110.648
slab_405,4751,12292,180,35253,0.2,2440,-0.62,-2.52,-1.54,750,90,950,2458,3800,2458,950,9833,3800,9833,-251.656,-36.064,-147.2,-89.92,251.656,36.064,147.2,89.92
slab_406,5797,13388,180,30600,0.2,2526,-0.98,-1.95,-1.09,1000,90,1159,2677,4637,2677,1159,10710,4637,10710,-346.112,-76.08,-151.2,-84.512,346.112,76.08,151.2,84.512
slab_407,4323,8407,200,30692,0.21,2533,-0.33,-4.61,-2.36,500,0,864,1681,3458,1681,864,6725,3458,6725,-180.592,-11.84,-167.5,-85.72,180.593,11.84,167.5,85.72
slab_408,4683,8606,220,31113,0.2,2455,-0.73,-2.33,-1.01,750,0,936,1721,3746,1721,936,6884,3746,6884,-213.512,-29.504,-93.92,-40.736,213.512,29.504,93.92,40.736
slab_409,4006,11629,220,35862,0.2,2481,-0.58,-1.69,-1.07,500,90,801,2325,3204,2325,801,9303,3204,9303,-249.52,-27.016,-78.544,-49.8,249.52,27.016,78.544,49.8
slab_410,4441,8181,250,33476,0.19,2495,-0.58,-1.79,-0.82,750,90,888,1636,3552,1636,888,6544,3552,6544,-222.32,-21.104,-65.024,-29.856,222.32,21.104,65.024,29.856
slab_411,7942,8271,220,28415,0.2,2582,-0.41,-4.14,-2.43,500,0,1588,1654,6353,1654,1588,6616,6353,6616,-365.904,-26.752,-272.08,-160.0,365.904,26.752,272.08,160.0
slab_412,4394,8634,250,32658,0.2,2510,-0.42,-2.82,-1.49,500,45,878,1726,3515,1726,878,6907,3515,6907,-233.712,-16.08,-107.12,-56.6,233.712,16.08,107.12,56.6
slab_413,4116,11777,220,33599,0.2,2559,-0.3,-3.3,-1.6,750,90,823,2355,3292,2355,823,9421,3292,9421,-267.688,-14.56,-160.0,-77.416,267.689,14.56,160.0,77.416
slab_414,5446,14180,180,29524,0.21,2503,-0.51,-1.93,-1.05,750,45,1089,2836,4356,2836,1089,11344,4356,11344,-341.44,-39.28,-149.12,-81.12,341.44,39.28,149.12,81.12
slab_415,4655,13729,180,30776,0.18,2489,-0.5,-2.31,-1.17,1000,90,931,2745,3724,2745,931,10983,3724,10983,-280.82,-32.04,-147.6,-74.7,280.82,32.04,147.6,74.7
slab_416,7427,8560,180,33279,0.21,2573,-0.72,-2.48,-1.39,500,45,1485,1712,5941,1712,1485,6848,5941,6848,-289.26,-45.96,-157.26,-88.32,289.26,45.96,157.26,88.32
slab_417,4991,14143,180,32384,0.19,2548,-0.55,-2.69,-1.62,1000,90,998,2828,3992,2828,998,11314,3992,11314,-317.552,-38.748,-189.912,-114.312,317.552,38.747,189.912,114.312
slab_418,6035,15177,250,28469,0.18,2544,-0.41,-1.88,-1.25,1000,90,1207,3035,4828,3035,1207,12141,4828,12141,-571.436,-37.416,-172.064,-114.624,571.437,37.416,172.064,114.624
slab_419,7744,9997,200,28206,0.21,2575,-0.5,-4.7,-2.08,750,0,1548,1999,6195,1999,1548,7997,6195,7997,-391.196,-38.536,-363.928,-161.024,391.196,38.536,363.928,161.024
slab_420,7375,11586,200,29079,0.2,2446,-0.77,-3.57,-1.88,1000,45,1475,2317,5900,2317,1475,9268,5900,9268,-410.024,-65.852,-305.024,-160.596,410.024,65.852,305.024,160.596
slab_421,7126,14142,180,35951,0.21,2491,-0.7,-2.86,-1.27,1000,45,1425,2828,5700,2828,1425,11313,5700,11313,-443.22,-70.62,-288.12,-127.92,443.22,70.62,288.12,127.92
slab_422,5178,9227,200,28939,0.2,2443,-0.3,-1.69,-0.83,750,90,1035,1845,4142,1845,1035,7381,4142,7381,-228.984,-14.36,-80.764,-39.528,228.984,14.36,80.763,39.528
slab_423,4601,8096,200,31338,0.22,2466,-0.43,-3.66,-2.22,750,45,920,1619,3680,1619,920,6476,3680,6476,-180.224,-15.952,-136.312,-82.736,180.225,15.952,136.312,82.736
slab_424,4185,8640,180,35980,0.19,2545,-0.49,-3.87,-2.59,500,0,837,1728,3348,1728,837,6912,3348,6912,-162.6,-17.6,-140.04,-93.76,162.6,17.6,140.04,93.76
slab_425,6885,8064,200,33059,0.22,2547,-0.6,-2.78,-1.15,750,0,1377,1612,5508,1612,1377,6451,5508,6451,-277.56,-33.2,-154.36,-63.8,277.56,33.2,154.36,63.8
slab_426,5118,15894,250,30778,0.21,2461,-0.95,-3.9,-2.31,750,45,1023,3178,4094,3178,1023,12715,4094,12715,-490.992,-77.252,-317.188,-187.916,490.992,77.252,317.188,187.916
slab_427,6661,13061,200,31144,0.21,2495,-0.88,-2.3,-1.48,500,90,1332,2612,5328,2612,1332,10448,5328,10448,-425.632,-76.896,-200.128,-128.916,425.632,76.896,200.128,128.916
slab_428,6247,8456,180,30862,0.19,2405,-0.97,-3.18,-2.11,1000,45,1249,1691,4997,1691,1249,6764,4997,6764,-224.352,-51.2,-168.0,-111.52,224.352,51.2,168.0,111.52
slab_429,7147,9539,250,34446,0.22,2539,-0.72,-2.82,-1.96,500,0,1429,1907,5717,1907,1429,7631,5717,7631,-424.756,-49.2,-192.0,-133.2,424.756,49.2,192.0,133.2
slab_430,7952,13680,220,34274,0.19,2477,-0.42,-4.84,-2.26,750,0,1590,2736,6361,2736,1590,10944,6361,10944,-581.656,-45.684,-526.488,-245.672,581.657,45.684,526.488,245.672
slab_431,7008,10547,180,30856,0.2,2474,-0.55,-2.51,-1.15,750,45,1401,2109,5606,2109,1401,8437,5606,8437,-322.812,-40.8,-185.4,-85.2,322.813,40.8,185.4,85.2
slab_432,7893,14335,220,28483,0.2,2419,-0.67,-3.26,-2.09,750,45,1578,2867,6314,2867,1578,11468,6314,11468,-590.612,-75.6,-368.628,-236.24,590.612,75.6,368.627,236.24
slab_433,4546,12706,180,33398,0.2,2475,-0.9,-2.25,-0.99,750,45,909,2541,3636,2541,909,10164,3636,10164,-252.416,-51.888,-130.0,-57.168,252.416,51.888,130.0,57.168
slab_434,6126,14175,250,32640,0.19,2497,-0.77,-3.25,-1.53,750,45,1225,2835,4900,2835,1225,11340,4900,11340,-531.916,-66.88,-282.152,-132.72,531.915,66.88,282.152,132.72
slab_435,5589,11383,180,30005,0.19,2574,-0.38,-2.64,-1.74,750,90,1117,2276,4471,2276,1117,9106,4471,9106,-289.24,-24.16,-167.92,-110.584,289.24,24.16,167.92,110.584
slab_436,7207,10902,180,31499,0.19,2546,-0.35,-3.27,-2.09,750,0,1441,2180,5765,2180,1441,8721,5765,8721,-353.352,-27.6,-256.824,-164.4,353.352,27.6,256.824,164.4
slab_437,7380,10889,180,30622,0.2,2557,-0.42,-4.19,-1.98,1000,0,1476,2177,5904,2177,1476,8711,5904,8711,-362.88,-33.72,-336.72,-159.052,362.88,33.72,336.72,159.052
slab_438,7847,13599,200,29442,0.19,2400,-0.83,-3.58,-1.79,750,0,1569,2719,6277,2719,1569,10879,6277,10879,-502.416,-88.864,-381.944,-191.064,502.417,88.865,381.944,191.064
slab_439,4452,8518,200,34968,0.2,2465,-0.63,-3.66,-1.47,500,0,890,1703,3561,1703,890,6814,3561,6814,-183.28,-24.12,-138.664,-55.84,183.28,24.12,138.665,55.84
slab_440,7560,10097,220,28486,0.2,2559,-0.34,-3.98,-2.19,1000,0,1512,2019,6048,2019,1512,8077,6048,8077,-421.512,-26.02,-303.744,-167.16,421.512,26.02,303.744,167.16
slab_441,5867,14609,180,31860,0.22,2450,-0.69,-2.42,-1.13,750,45,1173,2921,4693,2921,1173,11687,4693,11687,-370.72,-59.28,-207.28,-96.72,370.72,59.28,207.28,96.72
slab_442,6626,11361,220,32674,0.19,2438,-0.4,-4.0,-1.9,750,90,1325,2272,5300,2272,1325,9088,5300,9088,-396.032,-30.16,-301.216,-142.96,396.033,30.16,301.216,142.96
slab_443,7563,12457,220,33099,0.2,2407,-0.97,-4.17,-2.37,1000,45,1512,2491,6050,2491,1512,9965,6050,9965,-489.412,-91.4,-392.896,-223.228,489.412,91.4,392.896,223.228
slab_444,6974,10057,250,29057,0.18,2586,-0.95,-4.81,-3.27,500,0,1394,2011,5579,2011,1394,8045,5579,8045,-444.84,-66.18,-337.596,-229.08,444.84,66.18,337.596,229.08
slab_445,5888,12483,220,34070,0.2,2566,-0.67,-4.13,-2.57,1000,90,1177,2496,4710,2496,1177,9986,4710,9986,-407.04,-49.164,-303.592,-188.836,407.039,49.165,303.592,188.837
slab_446,6738,8391,250,35604,0.21,2491,-0.71,-3.08,-1.89,500,45,1347,1678,5390,1678,1347,6712,5390,6712,-345.48,-39.74,-173.88,-106.74,345.48,39.739,173.88,106.74
slab_447,5791,11308,180,30896,0.18,2417,-0.77,-3.14,-1.47,750,90,1158,2261,4632,2261,1158,9046,4632,9046,-279.472,-50.584,-205.536,-96.04,279.472,50.584,205.536,96.04
slab_448,5357,15394,250,35804,0.19,2574,-0.89,-3.45,-1.52,750,90,1071,3078,4285,3078,1071,12315,4285,12315,-520.552,-73.48,-284.392,-125.4,520.552,73.48,284.391,125.4
slab_449,7335,13058,220,35070,0.2,2408,-0.78,-4.86,-3.1,750,90,1467,2611,5868,2611,1467,10446,5868,10446,-497.8,-74.64,-465.64,-296.92,497.8,74.64,465.64,296.92
slab_450,7899,15807,180,35431,0.2,2499,-0.9,-1.52,-1.01,1000,45,1579,3161,6319,3161,1579,12645,6319,12645,-551.028,-112.352,-189.936,-126.104,551.028,112.352,189.936,126.104
slab_451,6429,12481,180,34720,0.21,2558,-0.34,-3.34,-2.0,500,0,1285,2496,5143,2496,1285,9984,5143,9984,-362.56,-26.8,-268.2,-160.22,362.56,26.8,268.2,160.22
slab_452,5127,9203,180,28400,0.18,2489,-0.91,-4.94,-2.75,500,90,1025,1840,4101,1840,1025,7362,4101,7362,-207.36,-43.04,-233.12,-129.68,207.36,43.04,233.12,129.68
slab_453,6490,13519,220,30101,0.19,2454,-0.8,-4.53,-1.85,1000,90,1298,2703,5192,2703,1298,10815,5192,10815,-464.624,-70.112,-397.424,-162.432,464.624,70.112,397.424,162.432
slab_454,7253,11003,180,30303,0.21,2568,-0.49,-3.74,-2.25,750,45,1450,2200,5802,2200,1450,8802,5802,8802,-361.8,-39.0,-298.372,-179.4,361.8,39.0,298.372,179.4
slab_455,5940,12359,250,29824,0.2,2475,-0.79,-3.05,-2.07,500,45,1188,2471,4752,2471,1188,9887,4752,9887,-445.4,-58.44,-223.8,-151.8,445.4,58.44,223.8,151.8
slab_456,4411,13341,180,28115,0.2,2493,-0.52,-2.89,-1.3,750,0,882,2668,3528,2668,882,10672,3528,10672,-259.176,-30.64,-170.176,-76.368,259.176,30.64,170.176,76.368
slab_457,7029,13806,220,35340,0.21,2462,-0.32,-3.11,-1.67,500,45,1405,2761,5623,2761,1405,11044,5623,11044,-515.504,-30.6,-302.256,-161.7,515.504,30.6,302.256,161.7
slab_458,4874,14987,250,31425,0.19,2494,-0.42,-4.67,-2.95,1000,0,974,2997,3899,2997,974,11989,3899,11989,-446.832,-30.6,-341.088,-215.448,446.833,30.6,341.087,215.449
slab_459,6701,10456,180,28108,0.18,2520,-0.65,-1.78,-0.97,750,0,1340,2091,5360,2091,1340,8364,5360,8364,-312.0,-45.6,-124.8,-67.8,312.0,45.6,124.8,67.8
slab_460,5362,9580,220,35211,0.21,2514,-0.46,-4.52,-2.71,750,90,1072,1916,4289,1916,1072,7664,4289,7664,-278.632,-23.496,-232.096,-139.12,278.632,23.496,232.096,139.12
slab_461,4697,11017,200,28966,0.22,2559,-0.63,-2.24,-1.07,750,90,939,2203,3757,2203,939,8813,3757,8813,-259.744,-32.464,-115.92,-55.2,259.744,32.464,115.92,55.2
slab_462,4138,11750,220,31274,0.19,2572,-0.42,-2.6,-1.44,1000,0,827,2350,3310,2350,827,9400,3310,9400,-269.908,-20.48,-126.384,-70.016,269.907,20.48,126.384,70.016
slab_463,7506,14096,200,31610,0.19,2495,-0.62,-2.53,-1.77,500,0,1501,2819,6004,2819,1501,11276,6004,11276,-517.936,-65.784,-268.02,-187.544,517.936,65.784,268.019,187.544
slab_464,6842,8524,200,33270,0.19,2412,-0.55,-2.02,-0.81,750,45,1368,1704,5473,1704,1368,6819,5473,6819,-275.956,-32.04,-117.676,-47.24,275.956,32.04,117.676,47.24
slab_465,4792,11279,220,32470,0.19,2405,-0.82,-1.78,-0.77,750,45,958,2255,3833,2255,958,9023,3833,9023,-280.544,-44.304,-96.0,-41.6,280.544,44.304,96.0,41.6
slab_466,7807,9625,250,33319,0.18,2517,-0.65,-2.72,-1.61,750,45,1561,1925,6245,1925,1561,7700,6245,7700,-463.872,-48.752,-204.3,-120.836,463.872,48.752,204.301,120.835
slab_467,7793,9639,250,31252,0.2,2533,-0.49,-3.56,-1.87,500,90,1558,1927,6234,1927,1558,7711,6234,7711,-466.812,-37.12,-267.64,-140.32,466.812,37.12,267.64,140.32
slab_468,6386,11782,180,35210,0.2,2538,-0.71,-3.34,-2.25,750,90,1277,2356,5108,2356,1277,9425,5108,9425,-337.216,-53.44,-251.28,-169.44,337.217,53.44,251.28,169.44
slab_469,6459,10113,250,33811,0.21,2531,-0.95,-1.83,-1.01,750,0,1291,2022,5167,2022,1291,8090,5167,8090,-405.496,-61.8,-119.4,-66.0,405.496,61.8,119.4,66.0
slab_470,4530,14968,200,30515,0.21,2471,-0.79,-4.9,-2.05,1000,45,906,2993,3624,2993,906,11974,3624,11974,-328.78,-53.7,-332.32,-138.9,328.78,53.7,332.32,138.9
slab_471,6725,8332,250,29347,0.21,2428,-0.84,-4.83,-3.19,500,90,1345,1666,5380,1666,1345,6665,5380,6665,-333.84,-46.92,-270.888,-178.92,333.84,46.92,270.888,178.92
slab_472,6339,10957,250,32878,0.21,2532,-0.34,-4.32,-2.32,750,45,1267,2191,5071,2191,1267,8765,5071,8765,-431.312,-23.4,-300.0,-161.288,431.312,23.4,300.0,161.289
slab_473,4284,8293,200,32928,0.19,2596,-0.46,-1.71,-0.96,500,45,856,1658,3427,1658,856,6634,3427,6634,-181.04,-16.32,-60.72,-34.16,181.04,16.32,60.72,34.16
slab_474,5104,13272,220,29530,0.21,2564,-0.93,-2.37,-1.31,1000,0,1020,2654,4083,2654,1020,10617,4083,10617,-374.856,-62.996,-160.592,-88.768,374.855,62.996,160.591,88.768
slab_475,7894,11424,180,32535,0.22,2574,-0.9,-2.18,-1.29,1000,0,1578,2284,6315,2284,1578,9139,6315,9139,-409.912,-81.148,-196.608,-116.332,409.912,81.148,196.609,116.332
slab_476,6110,14663,180,30039,0.19,2597,-0.94,-1.51,-0.95,1000,45,1222,2932,4888,2932,1222,11730,4888,11730,-410.88,-84.192,-135.152,-85.2,410.88,84.192,135.152,85.2
slab_477,4590,9647,200,30879,0.21,2566,-0.78,-2.93,-1.46,500,45,918,1929,3672,1929,918,7717,3672,7717,-223.2,-34.4,-129.6,-64.8,223.2,34.4,129.6,64.8
slab_478,6012,8041,200,31366,0.21,2550,-0.42,-1.98,-0.8,750,90,1202,1608,4809,1608,1202,6432,4809,6432,-241.88,-20.344,-95.716,-38.564,241.88,20.345,95.716,38.564
slab_479,6200,15100,220,30874,0.18,2535,-0.95,-1.51,-0.9,1000,90,1240,3020,4960,3020,1240,12080,4960,12080,-512.0,-88.864,-141.376,-84.224,512.0,88.864,141.376,84.224
slab_480,7596,15921,180,33051,0.19,2415,-0.89,-4.18,-2.01,500,90,1519,3184,6076,3184,1519,12736,6076,12736,-515.312,-106.784,-505.62,-242.656,515.312,106.784,505.62,242.656
slab_481,6545,8268,180,28547,0.19,2512,-0.63,-3.02,-1.67,1000,0,1309,1653,5236,1653,1309,6614,5236,6614,-240.0,-34.032,-163.376,-90.4,240.0,34.032,163.376,90.4
slab_482,6411,10974,180,31930,0.21,2438,-0.45,-4.78,-2.79,500,0,1282,2194,5128,2194,1282,8779,5128,8779,-302.664,-31.648,-336.0,-196.3,302.665,31.648,336.0,196.301
slab_483,6427,10285,200,29338,0.2,2473,-0.51,-4.82,-2.61,750,0,1285,2057,5141,2057,1285,8228,5141,8228,-320.76,-33.6,-318.6,-172.6,320.761,33.6,318.6,172.599
slab_484,7726,8715,250,33762,0.19,2411,-0.5,-1.9,-1.22,500,90,1545,1743,6180,1743,1545,6972,6180,6972,-398.336,-33.792,-128.024,-82.088,398.336,33.792,128.024,82.088
slab_485,6313,14146,250,28727,0.2,2463,-1.0,-4.11,-2.43,500,0,1262,2829,5050,2829,1262,11316,5050,11316,-539.344,-89.56,-367.008,-217.604,539.344,89.56,367.008,217.603
slab_486,4301,10844,180,28598,0.2,2502,-0.98,-2.65,-1.59,1000,45,860,2168,3440,2168,860,8675,3440,8675,-206.052,-45.692,-123.64,-74.16,206.052,45.692,123.64,74.16
slab_487,6814,15771,200,34759,0.22,2420,-0.65,-1.86,-1.08,1000,0,1362,3154,5451,3154,1362,12616,5451,12616,-510.304,-69.936,-200.0,-116.04,510.304,69.936,200.0,116.04
slab_488,5537,15971,250,35568,0.2,2514,-0.98,-1.56,-0.84,1000,0,1107,3194,4429,3194,1107,12776,4429,12776,-545.32,-86.608,-137.952,-74.176,545.32,86.608,137.952,74.176
slab_489,5579,11550,200,32048,0.2,2460,-0.43,-4.07,-2.76,500,90,1115,2310,4463,2310,1115,9240,4463,9240,-311.144,-27.56,-262.304,-177.568,311.144,27.56,262.304,177.568
slab_490,4567,10770,200,31277,0.2,2516,-0.48,-3.03,-1.58,500,45,913,2154,3653,2154,913,8616,3653,8616,-242.8,-23.64,-149.04,-78.0,242.8,23.64,149.04,78.0
slab_491,7324,9773,220,31113,0.21,2475,-0.64,-1.91,-1.11,750,0,1464,1954,5859,1954,1464,7818,5859,7818,-382.32,-45.76,-136.64,-79.36,382.32,45.76,136.64,79.36
slab_492,5114,9572,180,34310,0.19,2422,-0.3,-3.88,-2.52,1000,45,1022,1914,4091,1914,1022,7657,4091,7657,-209.304,-14.72,-189.908,-123.376,209.303,14.72,189.908,123.376
slab_493,6281,12738,220,33131,0.21,2490,-0.86,-2.96,-1.46,500,45,1256,2547,5024,2547,1256,10190,5024,10190,-430.048,-68.544,-236.644,-116.768,430.048,68.544,236.644,116.768
slab_494,4244,8212,220,35380,0.2,2524,-0.76,-3.22,-1.7,500,45,848,1642,3395,1642,848,6569,3395,6569,-189.76,-26.56,-112.0,-59.28,189.76,26.56,112.0,59.28
slab_495,6459,15514,180,34083,0.19,2512,-0.55,-4.12,-2.5,1000,45,1291,3102,5167,3102,1291,12411,5167,12411,-444.416,-55.136,-412.8,-250.624,444.416,55.136,412.8,250.624
slab_496,4303,13397,220,30068,0.2,2424,-0.55,-4.78,-1.94,750,90,860,2679,3442,2679,860,10717,3442,10717,-301.576,-31.68,-275.624,-111.944,301.576,31.68,275.624,111.944
slab_497,4122,8512,220,32137,0.2,2582,-0.5,-3.08,-2.1,500,45,824,1702,3297,1702,824,6809,3297,6809,-195.48,-17.58,-108.012,-73.736,195.48,17.58,108.012,73.736
slab_498,5970,8839,250,34427,0.18,2550,-0.87,-2.95,-2.04,750,0,1194,1767,4776,1767,1194,7071,4776,7071,-330.112,-45.872,-155.576,-107.56,330.112,45.872,155.576,107.56
slab_499,5640,8056,220,28387,0.18,2591,-0.41,-3.89,-2.32,500,0,1128,1611,4512,1611,1128,6444,4512,6444,-254.152,-18.832,-176.616,-105.488,254.152,18.832,176.617,105.488
slab_500,7085,13394,200,29044,0.18,2423,-0.62,-3.8,-1.83,1000,90,1417,2678,5668,2678,1417,10715,5668,10715,-451.08,-58.92,-360.54,-173.46,451.08,58.92,360.54,173.46
slab_501,5574,12223,200,29188,0.2,2501,-0.9,-2.64,-1.24,750,0,1114,2444,4459,2444,1114,9778,4459,9778,-334.352,-61.296,-180.0,-84.608,334.353,61.296,180.0,84.608
slab_502,7933,15591,200,35154,0.21,2442,-0.49,-4.67,-2.4,1000,0,1586,3118,6346,3118,1586,12472,6346,12472,-592.616,-60.648,-577.676,-296.688,592.616,60.648,577.676,296.688
slab_503,5515,10946,180,31824,0.2,2596,-0.87,-2.62,-1.15,500,0,1103,2189,4412,2189,1103,8756,4412,8756,-276.728,-52.56,-158.088,-69.608,276.728,52.56,158.088,69.608
slab_504,6698,12765,180,31602,0.22,2535,-0.43,-4.42,-2.56,500,0,1339,2553,5358,2553,1339,10212,5358,10212,-382.752,-36.48,-377.76,-219.36,382.752,36.48,377.76,219.36
slab_505,7581,11492,250,33376,0.18,2485,-0.71,-2.13,-1.03,1000,0,1516,2298,6064,2298,1516,9193,6064,9193,-530.98,-61.924,-185.564,-89.744,530.979,61.924,185.564,89.744
slab_506,4023,12140,250,29908,0.21,2428,-0.56,-2.56,-1.34,1000,0,804,2428,3218,2428,804,9712,3218,9712,-290.848,-27.368,-125.056,-65.392,290.848,27.368,125.056,65.392
slab_507,4271,10084,200,35397,0.21,2479,-0.79,-1.87,-1.21,1000,0,854,2016,3416,2016,854,8067,3416,8067,-209.532,-34.012,-80.512,-52.128,209.532,34.012,80.512,52.128
slab_508,4534,12087,220,33813,0.22,2510,-0.99,-4.65,-3.22,500,0,906,2417,3627,2417,906,9669,3627,9669,-296.992,-54.0,-254.992,-176.608,296.992,54.0,254.993,176.608
slab_509,5561,13656,250,32366,0.19,2442,-0.58,-1.57,-0.97,750,0,1112,2731,4448,2731,1112,10924,4448,10924,-454.808,-44.0,-119.3,-73.764,454.808,44.0,119.3,73.764
slab_510,4718,8933,250,31008,0.2,2502,-0.35,-1.97,-0.79,1000,0,943,1786,3774,1786,943,7146,3774,7146,-258.604,-14.8,-83.0,-33.268,258.604,14.8,83.0,33.268
slab_511,4223,14914,200,32405,0.19,2589,-0.41,-4.71,-2.92,1000,0,844,2982,3378,2982,844,11931,3378,11931,-319.952,-25.8,-296.644,-183.892,319.952,25.8,296.645,183.892
slab_512,7976,13300,180,33176,0.2,2562,-0.82,-2.71,-1.4,500,45,1595,2660,6380,2660,1595,10640,6380,10640,-480.0,-86.896,-287.956,-148.884,480.0,86.896,287.956,148.884
slab_513,6733,8538,220,29627,0.22,2443,-0.34,-3.77,-2.33,750,45,1346,1707,5386,1707,1346,6830,5386,6830,-303.112,-19.68,-216.632,-133.88,303.113,19.68,216.632,133.88
slab_514,6660,8370,200,33093,0.21,2452,-0.86,-2.98,-2.04,1000,90,1332,1674,5328,1674,1332,6696,5328,6696,-268.16,-48.0,-166.08,-113.6,268.16,48.0,166.08,113.6
slab_515,4588,14793,180,30736,0.2,2448,-0.7,-1.96,-1.33,1000,90,917,2958,3670,2958,917,11834,3670,11834,-293.348,-47.4,-133.0,-90.3,293.348,47.4,132.999,90.3
slab_516,6954,11759,220,35118,0.21,2537,-0.67,-3.07,-1.73,500,45,1390,2351,5563,2351,1390,9407,5563,9407,-447.88,-55.42,-250.5,-141.0,447.88,55.42,250.5,141.0
slab_517,5685,10929,180,34199,0.2,2524,-0.82,-4.63,-2.01,500,90,1137,2185,4548,2185,1137,8743,4548,8743,-276.88,-51.0,-287.492,-124.864,276.881,51.0,287.492,124.864
slab_518,4358,11807,220,33243,0.19,2551,-0.44,-1.63,-0.9,750,0,871,2361,3486,2361,871,9445,3486,9445,-283.2,-22.56,-83.936,-46.24,283.2,22.56,83.936,46.24
slab_519,4563,8680,200,34359,0.18,2509,-0.78,-4.62,-2.47,750,0,912,1736,3650,1736,912,6944,3650,6944,-194.992,-30.816,-182.976,-97.8,194.992,30.816,182.976,97.8
slab_520,7973,10321,220,34413,0.19,2476,-0.55,-4.79,-2.76,750,0,1594,2064,6378,2064,1594,8256,6378,8256,-439.668,-45.3,-394.144,-226.96,439.668,45.3,394.145,226.961
slab_521,6519,9517,200,34144,0.21,2500,-0.67,-2.32,-1.34,500,45,1303,1903,5215,1903,1303,7613,5215,7613,-304.136,-41.76,-144.0,-83.04,304.135,41.76,144.0,83.04
slab_522,5817,14589,220,34919,0.22,2529,-0.7,-1.84,-1.21,750,90,1163,2917,4653,2917,1163,11671,4653,11671,-463.28,-59.28,-156.0,-102.56,463.28,59.28,156.0,102.56
slab_523,5116,13295,250,31062,0.2,2448,-0.97,-4.74,-3.13,1000,90,1023,2659,4092,2659,1023,10636,4092,10636,-408.3,-66.08,-322.364,-212.904,408.3,66.08,322.364,212.904
slab_524,6202,11791,250,30839,0.2,2473,-0.68,-1.6,-0.77,750,45,1240,2358,4961,2358,1240,9432,4961,9432,-443.516,-49.736,-117.048,-56.04,443.516,49.736,117.048,56.04
slab_525,5857,8256,220,34392,0.19,2525,-0.37,-1.6,-0.96,750,45,1171,1651,4685,1651,1171,6604,4685,6604,-263.532,-17.896,-77.436,-46.348,263.532,17.896,77.436,46.348
slab_526,6238,9654,180,35512,0.21,2555,-0.32,-3.47,-1.46,500,45,1247,1930,4990,1930,1247,7723,4990,7723,-271.816,-19.2,-208.96,-87.52,271.817,19.2,208.96,87.52
slab_527,6258,10540,200,29119,0.2,2406,-0.76,-2.7,-1.4,750,90,1251,2108,5006,2108,1251,8432,5006,8432,-311.392,-50.392,-178.2,-92.4,311.392,50.392,178.2,92.4
slab_528,7472,8140,250,34165,0.2,2589,-0.48,-4.63,-2.42,500,45,1494,1628,5977,1628,1494,6512,5977,6512,-386.16,-28.92,-282.0,-147.24,386.16,28.92,282.0,147.24
slab_529,6832,15788,250,33394,0.19,2516,-0.79,-3.87,-2.66,500,0,1366,3157,5465,3157,1366,12630,5465,12630,-665.496,-85.74,-417.952,-287.22,665.496,85.74,417.952,287.22
slab_530,4215,12682,200,35231,0.2,2539,-0.94,-4.2,-2.31,500,0,843,2536,3372,2536,843,10145,3372,10145,-266.52,-50.24,-224.16,-123.68,266.52,50.24,224.16,123.68
slab_531,5121,11939,180,31513,0.22,2558,-0.84,-1.83,-0.74,750,45,1024,2387,4096,2387,1024,9551,4096,9551,-276.152,-51.232,-111.88,-45.256,276.151,51.232,111.88,45.256
slab_532,4269,10165,200,32617,0.19,2540,-0.56,-3.55,-2.07,1000,0,853,2033,3415,2033,853,8132,3415,8132,-216.248,-24.28,-154.056,-89.844,216.248,24.28,154.056,89.844
slab_533,4532,15895,180,34147,0.2,2516,-0.41,-2.15,-1.26,1000,45,906,3179,3625,3179,906,12716,3625,12716,-320.064,-29.64,-154.88,-90.72,320.064,29.64,154.88,90.72
slab_534,7844,15781,250,34027,0.2,2530,-0.7,-3.54,-2.45,750,90,1568,3156,6275,3156,1568,12624,6275,12624,-768.26,-86.848,-438.168,-303.176,768.26,86.848,438.168,303.176
slab_535,6597,8841,250,29315,0.19,2483,-0.95,-2.27,-1.51,750,45,1319,1768,5277,1768,1319,7072,5277,7072,-355.216,-55.36,-132.4,-88.08,355.215,55.36,132.4,88.08
slab_536,7344,11817,250,29930,0.21,2409,-0.73,-4.9,-2.75,1000,45,1468,2363,5875,2363,1468,9453,5875,9453,-512.74,-63.528,-425.244,-238.624,512.74,63.528,425.244,238.624
slab_537,7569,8017,250,32553,0.19,2583,-0.34,-2.18,-1.0,1000,0,1513,1603,6055,1603,1513,6413,6055,6413,-384.408,-20.648,-132.288,-60.648,384.408,20.648,132.287,60.648
slab_538,5044,14496,200,34911,0.19,2564,-0.67,-1.95,-0.88,1000,45,1008,2899,4035,2899,1008,11596,4035,11596,-367.8,-49.028,-142.652,-64.32,367.8,49.028,142.652,64.32
slab_539,5495,14650,250,30604,0.19,2474,-0.61,-3.17,-1.35,1000,0,1099,2930,4396,2930,1099,11720,4396,11720,-488.4,-49.2,-255.12,-108.72,488.4,49.2,255.12,108.72
slab_540,5073,15333,220,34427,0.18,2416,-0.82,-4.29,-2.11,1000,0,1014,3066,4058,3066,1014,12266,4058,12266,-405.664,-64.0,-333.744,-164.064,405.664,64.0,333.744,164.064
slab_541,6037,8648,220,35093,0.21,2489,-0.31,-3.04,-2.09,750,45,1207,1729,4829,1729,1207,6918,4829,6918,-280.436,-16.232,-158.648,-109.18,280.436,16.232,158.649,109.18
slab_542,7762,8578,250,30496,0.18,2430,-0.57,-4.24,-2.35,1000,45,1552,1715,6209,1715,1552,6862,6209,6862,-396.788,-38.0,-282.344,-156.36,396.788,38.0,282.344,156.36
slab_543,5774,10627,180,33113,0.21,2534,-0.54,-3.08,-1.28,500,45,1154,2125,4619,2125,1154,8501,4619,8501,-274.532,-32.932,-188.908,-78.352,274.532,32.932,188.908,78.352
slab_544,4622,8176,250,34615,0.21,2404,-0.72,-1.74,-0.92,750,90,924,1635,3697,1635,924,6540,3697,6540,-222.808,-27.088,-65.732,-34.808,222.808,27.088,65.732,34.808
slab_545,5081,10912,180,35232,0.2,2558,-0.49,-4.56,-2.9,750,90,1016,2182,4064,2182,1016,8729,4064,8729,-250.508,-27.0,-252.92,-160.7,250.509,27.0,252.92,160.7
slab_546,5846,15702,250,34512,0.21,2444,-0.68,-3.31,-1.83,500,90,1169,3140,4676,3140,1169,12561,4676,12561,-550.564,-62.408,-304.144,-167.576,550.564,62.408,304.144,167.576
slab_547,4475,14125,200,32864,0.19,2457,-0.63,-2.58,-1.31,1000,90,895,2825,3580,2825,895,11300,3580,11300,-304.78,-39.9,-163.18,-82.8,304.78,39.9,163.18,82.8
slab_548,7050,12102,200,30762,0.21,2441,-0.78,-3.37,-2.0,1000,45,1410,2420,5640,2420,1410,9681,5640,9681,-408.524,-66.616,-287.496,-170.584,408.524,66.616,287.496,170.584
slab_549,7755,12684,220,31662,0.19,2498,-0.72,-3.46,-1.85,1000,90,1551,2536,6204,2536,1551,10147,6204,10147,-530.236,-70.832,-340.336,-181.856,530.236,70.832,340.336,181.856
slab_550,4591,11996,220,33017,0.19,2452,-0.6,-4.34,-1.85,1000,0,918,2399,3672,2399,918,9596,3672,9596,-291.516,-33.04,-239.028,-101.904,291.516,33.04,239.028,101.905
slab_551,5131,13090,200,31958,0.22,2544,-0.49,-3.34,-1.55,500,0,1026,2618,4104,2618,1026,10472,4104,10472,-334.84,-32.96,-224.16,-104.16,334.84,32.96,224.16,104.16
slab_552,5469,11684,250,34048,0.2,2561,-0.8,-2.73,-1.15,750,90,1093,2336,4375,2336,1093,9347,4375,9347,-401.432,-51.232,-174.544,-73.376,401.432,51.232,174.544,73.376
slab_553,6844,13269,180,33440,0.21,2534,-0.4,-4.88,-2.69,500,45,1368,2653,5475,2653,1368,10615,5475,10615,-406.548,-36.48,-443.04,-244.8,406.548,36.48,443.04,244.8
slab_554,4137,10260,180,30474,0.19,2504,-0.55,-2.48,-1.38,500,0,827,2052,3309,2052,827,8208,3309,8208,-187.72,-23.216,-105.24,-58.644,187.72,23.216,105.24,58.644
slab_555,6766,15633,200,31338,0.21,2479,-0.55,-3.79,-1.83,500,45,1353,3126,5412,3126,1353,12506,5412,12506,-514.74,-58.86,-400.98,-193.56,514.74,58.86,400.98,193.56
slab_556,7698,10099,200,31412,0.22,2574,-0.98,-2.4,-1.04,1000,45,1539,2019,6158,2019,1539,8079,6158,8079,-392.656,-76.128,-186.616,-80.896,392.656,76.128,186.616,80.896
slab_557,7415,10937,200,31235,0.21,2433,-0.94,-2.68,-1.67,1000,90,1483,2187,5932,2187,1483,8749,5932,8749,-387.1,-76.148,-217.404,-135.416,387.1,76.148,217.404,135.416
slab_558,7032,11206,220,35702,0.19,2444,-0.41,-4.51,-2.62,1000,90,1406,2241,5625,2241,1406,8964,5625,8964,-415.68,-32.332,-355.448,-206.484,415.68,32.332,355.448,206.484
slab_559,7034,13623,220,29978,0.19,2407,-0.52,-1.57,-1.09,750,45,1406,2724,5627,2724,1406,10898,5627,10898,-497.744,-49.76,-150.36,-104.344,497.744,49.76,150.36,104.344
slab_560,5224,9278,220,28341,0.22,2563,-0.7,-4.57,-2.49,500,90,1044,1855,4179,1855,1044,7422,4179,7422,-267.832,-33.6,-221.284,-120.54,267.832,33.6,221.285,120.54
slab_561,6403,14767,250,30875,0.22,2559,-0.76,-3.14,-1.87,500,45,1280,2953,5122,2953,1280,11813,5122,11813,-593.66,-72.0,-297.332,-176.476,593.66,72.0,297.332,176.476
slab_562,6166,15214,220,35004,0.18,2461,-0.88,-3.57,-1.68,500,45,1233,3042,4932,3042,1233,12171,4932,12171,-498.084,-82.216,-334.416,-157.224,498.084,82.216,334.416,157.224
slab_563,5621,13540,250,33173,0.2,2427,-0.36,-4.07,-2.02,1000,0,1124,2708,4496,2708,1124,10832,4496,10832,-452.992,-27.36,-309.712,-153.6,452.993,27.36,309.712,153.6
slab_564,7781,15971,200,35272,0.21,2535,-0.41,-3.51,-2.11,750,45,1556,3194,6224,3194,1556,12776,6224,12776,-618.008,-50.848,-436.12,-262.3,618.008,50.848,436.12,262.3
slab_565,4423,14616,180,29938,0.21,2562,-0.35,-4.93,-3.27,750,0,884,2923,3538,2923,884,11692,3538,11692,-292.376,-22.4,-318.832,-211.264,292.375,22.4,318.832,211.264
slab_566,5886,12452,180,32586,0.2,2545,-0.46,-1.93,-0.79,500,45,1177,2490,4708,2490,1177,9961,4708,9961,-329.544,-33.2,-141.2,-57.8,329.544,33.2,141.2,57.8
slab_567,5823,15210,220,35333,0.19,2593,-0.69,-3.64,-2.04,1000,0,1164,3042,4658,3042,1164,12168,4658,12168,-495.568,-61.248,-322.384,-180.8,495.568,61.248,322.384,180.8
slab_568,7006,9041,180,33679,0.22,2476,-0.87,-1.65,-1.01,750,45,1401,1808,5604,1808,1401,7232,5604,7232,-276.864,-55.04,-104.48,-64.08,276.864,55.04,104.48,64.08
slab_569,6971,9582,250,35139,0.2,2571,-0.51,-2.93,-1.3,1000,90,1394,1916,5576,1916,1394,7665,5576,7665,-421.176,-34.0,-195.696,-86.76,421.176,34.0,195.696,86.76
slab_570,5138,13786,180,31677,0.21,2405,-0.92,-4.6,-2.83,1000,90,1027,2757,4110,2757,1027,11028,4110,11028,-300.84,-65.28,-325.872,-200.4,300.84,65.28,325.872,200.4
slab_571,6832,13880,220,34291,0.18,2569,-0.86,-4.21,-2.89,500,45,1366,2776,5465,2776,1366,11104,5465,11104,-525.484,-81.36,-399.54,-273.66,525.485,81.36,399.54,273.66
slab_572,4375,11389,180,30415,0.21,2449,-0.46,-4.52,-3.13,500,90,875,2277,3500,2277,875,9111,3500,9111,-215.36,-23.2,-225.0,-155.92,215.36,23.2,225.0,155.92
slab_573,5508,13318,250,30304,0.22,2491,-0.31,-3.76,-1.86,1000,45,1101,2663,4406,2663,1101,10654,4406,10654,-448.144,-22.816,-275.844,-136.472,448.144,22.816,275.844,136.472
slab_574,5692,10583,220,34505,0.2,2534,-0.4,-3.75,-2.23,750,90,1138,2116,4553,2116,1138,8466,4553,8466,-329.46,-24.0,-225.96,-134.46,329.46,24.0,225.96,134.46
slab_575,6734,15786,200,33619,0.21,2503,-0.79,-2.95,-1.56,500,90,1346,3157,5387,3157,1346,12628,5387,12628,-522.54,-83.76,-313.26,-165.54,522.539,83.76,313.26,165.54
slab_576,7550,10168,220,34661,0.2,2422,-0.8,-2.42,-1.13,1000,0,1510,2033,6040,2033,1510,8134,6040,8134,-401.324,-61.456,-185.836,-86.792,401.324,61.456,185.836,86.792
slab_577,4786,9433,250,31924,0.2,2493,-0.61,-3.26,-1.31,500,90,957,1886,3828,1886,957,7546,3828,7546,-276.0,-27.2,-147.2,-59.2,276.0,27.2,147.2,59.2
slab_578,6004,12600,220,35458,0.18,2550,-0.71,-4.84,-2.2,750,0,1200,2520,4803,2520,1200,10080,4803,10080,-416.324,-53.744,-366.004,-166.416,416.324,53.744,366.004,166.416
slab_579,4145,11111,200,29690,0.19,2568,-0.71,-4.52,-2.69,500,90,829,2222,3316,2222,829,8888,3316,8888,-232.056,-32.68,-208.272,-123.952,232.056,32.68,208.272,123.952
slab_580,7909,15469,250,35970,0.18,2442,-1.0,-4.92,-2.58,750,45,1581,3093,6327,3093,1581,12375,6327,12375,-732.732,-122.452,-601.756,-315.664,732.732,122.452,601.756,315.664
slab_581,6688,15222,180,35553,0.22,2481,-0.56,-3.2,-1.72,750,45,1337,3044,5350,3044,1337,12177,5350,12177,-446.104,-57.12,-325.92,-175.04,446.104,57.12,325.92,175.04
slab_582,6662,14689,250,35405,0.21,2560,-0.65,-4.74,-1.9,750,90,1332,2937,5329,2937,1332,11751,5329,11751,-614.364,-63.7,-463.964,-185.736,614.364,63.7,463.964,185.736
slab_583,4766,11861,250,29454,0.2,2412,-0.39,-3.88,-1.9,750,45,953,2372,3812,2372,953,9488,3812,9488,-334.328,-22.112,-219.208,-107.36,334.328,22.112,219.208,107.36
slab_584,5919,8487,220,28031,0.2,2406,-0.3,-2.73,-1.59,500,45,1183,1697,4735,1697,1183,6789,4735,6789,-260.968,-15.056,-137.192,-80.176,260.969,15.056,137.192,80.176
slab_585,7030,12375,180,30001,0.18,2521,-0.71,-2.14,-1.15,500,45,1406,2475,5624,2475,1406,9900,5624,9900,-387.0,-61.5,-186.0,-100.5,387.0,61.5,186.0,100.5
slab_586,7221,10325,220,34238,0.18,2440,-0.5,-3.16,-1.76,1000,90,1444,2065,5776,2065,1444,8260,5776,8260,-392.54,-37.352,-235.648,-131.116,392.54,37.352,235.648,131.116
slab_587,7363,10350,250,28450,0.2,2597,-0.72,-4.77,-2.93,1000,45,1472,2070,5890,2070,1472,8280,5890,8280,-485.412,-54.892,-363.564,-223.304,485.412,54.892,363.564,223.304
slab_588,6133,15221,250,35636,0.22,2427,-0.47,-2.34,-1.05,500,90,1226,3044,4906,3044,1226,12176,4906,12176,-555.824,-44.072,-218.232,-98.48,555.824,44.072,218.232,98.48
slab_589,4938,14041,250,34652,0.21,2469,-0.74,-3.1,-1.58,500,90,987,2808,3950,2808,987,11232,3950,11232,-419.832,-51.24,-215.12,-109.64,419.832,51.24,215.12,109.64
slab_590,7132,14762,250,34358,0.21,2501,-0.34,-2.0,-1.24,1000,90,1426,2952,5705,2952,1426,11809,5705,11809,-645.74,-36.0,-210.54,-130.596,645.74,36.0,210.54,130.596
slab_591,4701,8686,220,29555,0.19,2470,-0.73,-3.14,-1.89,750,90,940,1737,3760,1737,940,6948,3760,6948,-217.624,-29.872,-128.256,-77.176,217.624,29.872,128.256,77.176
slab_592,4076,10707,200,29813,0.19,2487,-0.65,-2.93,-1.48,500,0,815,2141,3260,2141,815,8565,3260,8565,-213.02,-28.284,-127.876,-64.632,213.02,28.284,127.876,64.632
slab_593,7332,15764,200,35946,0.22,2420,-0.59,-2.82,-1.27,750,0,1466,3152,5865,3152,1466,12611,5865,12611,-548.804,-68.28,-325.92,-146.68,548.805,68.28,325.92,146.68
slab_594,4103,15847,200,35273,0.2,2533,-0.6,-4.02,-1.95,500,0,820,3169,3282,3169,820,12677,3282,12677,-323.144,-38.792,-261.32,-126.848,323.144,38.792,261.32,126.847
slab_595,6808,13817,180,30074,0.21,2552,-0.61,-1.94,-0.94,500,45,1361,2763,5446,2763,1361,11053,5446,11053,-423.564,-57.72,-181.904,-88.32,423.564,57.72,181.904,88.32
slab_596,6854,8544,200,34498,0.2,2501,-0.58,-3.59,-2.42,1000,90,1370,1708,5483,1708,1370,6835,5483,6835,-287.344,-34.0,-210.224,-141.64,287.344,34.0,210.224,141.64
slab_597,7700,10829,250,30466,0.18,2503,-0.98,-4.35,-2.69,500,0,1540,2165,6160,2165,1540,8663,6160,8663,-511.592,-81.912,-362.616,-224.136,511.592,81.912,362.616,224.136
slab_598,5167,8960,250,29346,0.2,2527,-0.73,-3.96,-2.17,1000,45,1033,1792,4133,1792,1033,7168,4133,7168,-286.96,-33.84,-183.28,-100.48,286.96,33.84,183.28,100.48
slab_599,5288,11128,250,33524,0.2,2472,-0.65,-4.72,-2.37,500,0,1057,2225,4230,2225,1057,8902,4230,8902,-357.056,-38.132,-277.54,-139.676,357.056,38.132,277.54,139.676
