D(mm),t(mm),Fy(MPa),fc(MPa),et(mm),L(mm),Pexp(kN)
94.996,12.496799999999999,274.6182908,20.2705944,0.0,1420.1139999999998,947.0260380000001
94.996,12.7508,272.6188104,20.2705944,0.0,1420.1139999999998,937.684776
94.996,12.395199999999999,272.6188104,20.2705944,0.0,1420.1139999999998,906.992058
94.996,12.5984,274.6182908,20.2705944,0.0,860.044,1017.752736
94.996,12.7,272.6188104,20.2705944,0.0,860.044,1007.966652
94.996,12.7,272.6188104,20.2705944,0.0,860.044,1033.766328
94.996,12.801599999999999,278.4793564,20.2705944,0.0,1979.93,886.530246
94.996,12.496799999999999,275.5835572,20.2705944,0.0,1979.93,906.992058
94.996,12.5984,279.5135704,20.2705944,0.0,1979.93,916.778142
94.996,3.6575999999999995,326.5358336,24.9590312,0.0,860.044,656.11245
94.996,3.6829999999999994,386.3823504,24.9590312,0.0,860.044,686.360346
94.996,3.4036,335.3611264,24.9590312,0.0,860.044,656.11245
94.996,3.8608,326.5358336,24.9590312,0.0,1420.1139999999998,566.7032280000001
94.996,3.9115999999999995,386.3823504,24.9590312,0.0,1420.1139999999998,605.8475639999999
94.996,3.5813999999999995,335.3611264,24.9590312,0.0,1420.1139999999998,575.5996680000001
94.996,3.7591999999999994,326.5358336,24.9590312,0.0,1979.93,536.455332
94.996,3.7845999999999997,386.3823504,24.9590312,0.0,1979.93,565.813584
94.996,3.5052000000000003,335.3611264,24.9590312,0.0,1979.93,487.524912
216.00159999999997,4.064,284.40885,24.9590312,0.0,2219.96,1023.0906
216.00159999999997,4.1148,299.0946888,22.8906032,0.0,2219.96,1834.4459279999999
216.00159999999997,4.0386,288.3388632,29.7853632,0.0,2219.96,2289.054012
216.00159999999997,4.1148,286.3393828,29.7853632,0.0,2219.96,2238.789126
216.00159999999997,6.0451999999999995,389.3470972,22.8906032,0.0,2219.96,2461.644948
216.00159999999997,5.968999999999999,393.27711039999997,22.8906032,0.0,2219.96,2421.166146
216.00159999999997,6.5024,295.1646756,29.7853632,0.0,2219.96,2803.713066
216.00159999999997,6.2992,404.99820239999997,29.7853632,0.0,2219.96,2932.2666240000003
94.996,3.8608,332.3963796,24.0627124,0.0,1979.93,498.20064
94.996,3.4036,337.36060679999997,24.0627124,0.0,1979.93,472.845786
94.996,3.5813999999999995,355.01119239999997,24.0627124,0.0,1979.93,472.845786
94.996,3.7337999999999996,326.5358336,24.0627124,0.0,1979.93,412.83929820000003
121.0056,3.6575999999999995,295.1646756,21.0979656,0.0,1050.036,695.256786
121.0056,3.7337999999999996,327.5700476,21.0979656,0.0,1050.036,746.411316
121.0056,3.7591999999999994,307.91998159999997,24.200607599999998,0.0,1050.036,836.710182
121.0056,3.9878,326.5358336,24.200607599999998,0.0,1050.036,866.958078
121.0056,5.6133999999999995,344.1864192,21.0979656,0.0,1050.036,998.180568
121.0056,5.4102,343.22115279999997,21.0979656,0.0,1050.036,1017.752736
121.0056,5.460999999999999,330.4658468,24.200607599999998,0.0,1050.036,1099.155162
121.0056,5.5626,321.640554,24.200607599999998,0.0,1050.036,1078.69335
121.0056,3.7083999999999997,295.1646756,21.0979656,0.0,2310.13,640.54368
121.0056,3.7591999999999994,327.5700476,21.0979656,0.0,2310.13,629.42313
121.0056,3.7083999999999997,307.91998159999997,24.200607599999998,0.0,2310.13,695.256786
121.0056,3.8608,326.5358336,24.200607599999998,0.0,2310.13,755.307756
121.0056,5.6895999999999995,344.1864192,21.0979656,0.0,2310.13,786.4452960000001
121.0056,5.4864,343.22115279999997,21.0979656,0.0,2310.13,815.8035480000001
121.0056,5.6388,330.4658468,24.200607599999998,0.0,2310.13,873.630408
121.0056,5.4356,321.640554,24.200607599999998,0.0,2310.13,865.17879
25.4,0.889,524.00176,23.649026799999998,0.0,1524.0,17.2146114
25.4,0.889,524.00176,23.649026799999998,0.0,1524.0,14.8570548
25.4,0.889,524.00176,23.649026799999998,0.0,1524.0,14.412232800000002
25.4,0.889,524.00176,27.8203566,0.0,1524.0,15.7466988
25.4,0.889,524.00176,27.8203566,0.0,1524.0,15.524287800000002
38.099999999999994,2.7685999999999997,524.00176,17.926375999999998,0.0,1524.0,107.646924
38.099999999999994,2.7685999999999997,524.00176,17.926375999999998,0.0,1524.0,120.991584
38.099999999999994,2.7685999999999997,524.00176,17.926375999999998,0.0,1524.0,106.75728000000001
38.099999999999994,2.7685999999999997,524.00176,27.8203566,0.0,1524.0,112.984788
38.099999999999994,2.7685999999999997,524.00176,27.8203566,0.0,1524.0,106.75728000000001
50.8,1.651,524.00176,21.3048084,0.0,1524.0,115.20889799999999
50.8,1.651,524.00176,21.3048084,0.0,1524.0,114.319254
50.8,1.651,524.00176,27.854830399999997,0.0,1524.0,120.546762
69.85,1.2446,524.00176,27.854830399999997,0.0,1524.0,230.862618
76.19999999999999,1.651,524.00176,20.7532276,0.0,1524.0,226.414398
76.19999999999999,1.651,524.00176,20.7532276,0.0,1524.0,245.096922
76.19999999999999,1.651,524.00176,27.234302,0.0,1524.0,320.27184
355.59999999999997,11.176,355.08014,38.059075199999995,0.0,1879.6,11458.61472
355.59999999999997,11.176,355.08014,32.8190576,0.0,1879.6,10711.313760000001
355.59999999999997,4.724399999999999,276.479876,20.9600704,0.0,1879.6,3517.207554
355.59999999999997,7.9756,355.08014,23.442183999999997,0.0,2082.7999999999997,7432.97562
127.2794,1.6256,370.59335,66.189696,0.0,711.1999999999999,1285.53558
127.2794,1.6256,328.880052,66.189696,0.0,711.1999999999999,1285.53558
127.05079999999998,2.9464,370.59335,66.189696,0.0,711.1999999999999,1305.55257
127.05079999999998,2.9464,328.880052,66.189696,0.0,711.1999999999999,1305.55257
140.0556,9.6774,265.44826,27.57904,0.0,406.4,2949.16986
140.0556,9.6774,268.89564,27.9927256,0.0,406.4,2949.16986
140.3858,4.9276,288.890444,32.6811624,0.0,406.4,1823.7702
140.3858,4.9276,297.853632,32.6811624,0.0,406.4,1823.7702
168.17340000000002,4.521199999999999,297.853632,31.4401056,0.0,812.8,2006.14722
168.3512,4.521199999999999,297.853632,43.1611976,0.0,812.8,2233.00644
168.17340000000002,4.521199999999999,297.853632,43.1611976,0.0,812.8,2112.9045
168.3004,4.4704,297.853632,23.0284984,0.0,812.8,1743.70224
114.3,3.175,413.68559999999997,28.957992,0.0,914.4,711.7152
114.3,3.175,413.68559999999997,28.957992,0.0,914.4,756.1974
152.39999999999998,1.5493999999999999,330.94848,21.029017999999997,0.0,914.4,682.356948
152.39999999999998,1.5493999999999999,330.94848,25.855349999999998,0.0,914.4,721.5012839999999
152.39999999999998,1.5493999999999999,330.94848,25.855349999999998,0.0,914.4,733.0666560000001
127.0,2.413,330.94848,35.163275999999996,0.0,914.4,627.19902
127.0,2.413,330.94848,35.163275999999996,0.0,914.4,622.7508
127.0,2.413,330.94848,35.163275999999996,0.0,914.4,658.33656
101.6762,3.0734,605.0841376,34.129062,0.0,1524.0,818.47248
101.72699999999999,3.0987999999999998,605.0841376,31.164315199999997,0.0,1524.0,800.6796
101.70159999999998,3.0734,605.0841376,34.129062,0.0,203.2762,1112.055
101.70159999999998,3.0734,605.0841376,31.164315199999997,0.0,203.2508,1067.5728000000001
120.64999999999999,4.0893999999999995,451.60677999999996,34.404852399999996,0.0,1050.036,1156.5372
120.82779999999998,4.0893999999999995,451.60677999999996,29.5785204,0.0,1050.036,1092.705243
120.82779999999998,4.0893999999999995,451.60677999999996,25.9242976,0.0,1050.036,949.69497
120.82779999999998,4.064,451.60677999999996,34.404852399999996,0.0,241.32539999999997,1201.0194000000001
120.8024,4.0893999999999995,451.60677999999996,29.5785204,0.0,241.3508,1201.0194000000001
120.82779999999998,4.0893999999999995,451.60677999999996,25.9242976,0.0,241.3508,1112.055
152.6032,3.1496,415.1334996,20.891122799999998,0.0,1676.3999999999999,938.57442
152.70479999999998,3.1496,415.1334996,23.097445999999998,0.0,1676.3999999999999,880.74756
152.6286,3.175,415.1334996,20.891122799999998,0.0,304.79999999999995,1201.0194000000001
152.6032,3.1496,415.1334996,23.097445999999998,0.0,304.927,1201.0194000000001
152.5778,4.9276,633.4216011999999,41.9890884,0.0,304.9016,2909.1358800000003
152.5524,4.9022,633.4216011999999,43.436988,0.0,304.8762,2913.5841
76.4794,1.7018,363.2849044,24.9590312,0.0,1524.0,244.65210000000002
76.42859999999999,1.7018,363.2849044,24.9590312,0.0,152.3492,355.8576
76.42859999999999,1.7272,363.2849044,40.8859268,0.0,609.5492,411.46035
76.4794,1.7272,363.2849044,25.9242976,0.0,609.4476,330.28033500000004
76.454,1.6764,363.2849044,40.8859268,0.0,152.3492,434.591094
76.42859999999999,1.7018,363.2849044,25.9242976,0.0,152.3746,372.316014
76.454,1.7018,363.2849044,33.301690799999996,0.0,152.39999999999998,433.25662800000003
76.454,1.7272,363.2849044,33.301690799999996,0.0,152.4762,434.591094
168.65599999999998,2.6416,297.853632,17.926375999999998,0.0,1828.8,822.9207
168.65599999999998,2.6416,297.853632,34.129062,0.0,1828.8,916.3333200000001
169.164,2.6161999999999996,317.15896,36.542228,0.0,1828.8,756.1974
169.164,2.6161999999999996,317.15896,33.5774812,0.0,1828.8,689.4741
168.148,3.6067999999999993,221.321796,26.6137736,0.0,2133.6,947.47086
168.148,3.6067999999999993,221.321796,32.75011,0.0,2133.6,1049.77992
168.65599999999998,5.0038,260.62192799999997,32.8880052,0.0,2133.6,1129.84788
168.65599999999998,5.0038,260.62192799999997,27.4411448,0.0,2133.6,1165.43364
168.65599999999998,2.6416,297.853632,17.926375999999998,0.0,304.79999999999995,1325.5695600000001
168.65599999999998,2.6416,297.853632,34.129062,0.0,304.79999999999995,1218.81228
169.164,2.6161999999999996,317.15896,36.542228,0.0,304.79999999999995,1307.77668
169.164,2.6161999999999996,317.15896,33.5774812,0.0,304.79999999999995,1330.0177800000001
168.148,3.6067999999999993,221.321796,26.6137736,0.0,304.79999999999995,1556.877
168.148,3.6067999999999993,221.321796,32.75011,0.0,304.79999999999995,1432.32684
168.148,3.6067999999999993,221.321796,32.75011,0.0,304.79999999999995,1463.4643800000001
168.65599999999998,5.0038,260.62192799999997,32.8880052,0.0,304.79999999999995,1966.1132400000001
168.65599999999998,5.0038,260.62192799999997,32.8880052,0.0,304.79999999999995,1970.5614600000001
168.65599999999998,5.0038,260.62192799999997,27.4411448,0.0,304.79999999999995,1983.90612
168.65599999999998,5.0038,260.62192799999997,27.4411448,0.0,304.79999999999995,1983.90612
88.89999999999999,5.842,399.89608,40.0240818,0.0,1727.1999999999998,614.744004
88.89999999999999,5.842,399.89608,39.6103962,0.0,1422.3999999999999,711.7152
88.89999999999999,5.842,399.89608,38.955394,0.0,1117.6,715.273776
88.89999999999999,5.842,399.89608,41.782245599999996,0.0,812.8,918.5574300000001
88.89999999999999,5.842,399.89608,40.851453,0.0,508.0,991.95306
82.55,1.397,482.6332,41.3340862,0.0,1727.1999999999998,224.63511
82.55,1.397,482.6332,36.990387399999996,0.0,1422.3999999999999,294.472164
82.55,1.397,482.6332,40.851453,0.0,1117.6,355.8576
82.55,1.397,482.6332,40.851453,0.0,812.8,400.3398
82.55,1.397,482.6332,40.851453,0.0,508.0,489.30420000000004
82.55,1.397,482.6332,40.851453,0.0,254.0,530.227824
88.89999999999999,5.842,399.89608,41.36856,7.619999999999999,812.8,404.34319800000003
88.89999999999999,5.842,399.89608,41.36856,7.619999999999999,1422.3999999999999,356.30242200000004
88.89999999999999,5.842,399.89608,41.36856,25.4,812.8,175.70469
88.89999999999999,5.842,399.89608,41.36856,25.4,1117.6,174.9262515
82.55,1.397,482.6332,41.36856,7.619999999999999,812.8,125.884626
82.55,1.397,482.6332,41.36856,25.4,812.8,66.72330000000001
190.7,6.0,505.042475,55.897905,0.0,1150.0,3062.616795
190.7,6.0,505.042475,55.897905,0.0,2300.0,2611.510895
190.7,6.0,505.042475,55.897905,0.0,3450.0,2059.3965
190.7,6.0,505.042475,48.3467845,0.0,1150.0,3147.9346499999997
190.7,6.0,505.042475,48.3467845,0.0,3450.0,2132.946375
267.4,7.0,460.91255,55.897905,0.0,1600.0,5180.853195
267.4,7.0,460.91255,55.897905,0.0,3200.0,4533.614294999999
267.4,7.0,460.91255,55.897905,0.0,4800.0,3625.5185049999995
267.4,7.0,460.91255,48.3467845,0.0,1600.0,5187.71785
267.4,7.0,460.91255,48.3467845,0.0,4800.0,3903.0467
178.0,9.0,283.3141185,22.163029,0.0,360.0,2922.3817
178.0,9.0,283.3141185,22.163029,0.0,360.0,2853.73515
178.0,9.0,283.3141185,45.4047895,0.0,360.0,3216.5811999999996
178.0,9.0,283.3141185,45.4047895,0.0,360.0,3177.3545999999997
179.0,5.5,248.500511,22.163029,0.0,360.0,1814.2302499999998
179.0,5.5,248.500511,23.928226,0.0,360.0,1814.2302499999998
179.0,5.5,248.500511,43.6395925,0.0,360.0,2039.7831999999999
179.0,5.5,248.500511,43.6395925,0.0,360.0,2029.9765499999999
174.0,3.0,265.956348,23.928226,0.0,360.0,1314.0910999999999
174.0,3.0,265.956348,23.928226,0.0,360.0,1304.2844499999999
174.0,3.0,265.956348,45.698989,0.0,360.0,1608.2905999999998
174.0,3.0,265.956348,45.698989,0.0,360.0,1676.93715
101.6,1.6,218.0,67.4,10.0,807.5,430.0
101.6,1.6,218.0,67.4,30.0,807.5,235.0
101.6,1.6,218.0,67.4,10.0,1312.5,350.0
101.6,1.6,218.0,67.4,30.0,1312.5,190.0
101.6,1.6,218.0,67.4,10.0,1565.0,315.0
101.6,1.6,218.0,67.4,10.0,1817.5,280.0
101.6,1.6,218.0,67.4,30.0,1817.5,140.0
101.6,1.6,218.0,67.4,10.0,2322.5,220.0
101.6,1.6,218.0,67.4,30.0,2322.5,126.0
152.0,1.7,270.0,73.0,0.0,900.0,1550.0
152.0,1.7,270.0,73.0,0.0,900.0,1458.0
152.0,1.7,270.0,73.0,0.0,500.0,1548.0
152.0,1.7,270.0,73.0,0.0,500.0,1448.0
152.0,1.7,328.0,85.0,0.0,660.0,1863.0
152.0,1.7,328.0,85.0,0.0,660.0,1895.0
190.0,1.11,203.1,110.3,0.0,662.0,3030.0
190.0,1.11,203.1,110.3,0.0,656.0,2940.0
190.0,1.11,203.1,110.3,0.0,662.0,3140.0
190.0,1.11,203.1,94.7,0.0,662.0,2462.0
190.0,1.11,203.1,110.3,0.0,664.0,3055.0
190.0,1.11,203.1,110.3,0.0,660.0,3000.0
190.0,1.13,185.7,113.9,8.5,662.0,2438.0
140.8,3.0,285.0,28.18,0.0,635.0,881.0
141.4,6.5,313.0,23.805,0.0,635.0,1825.0
140.0,6.68,537.0,28.18,0.0,635.0,2715.0
76.0,2.2,435.0,58.0,15.0,802.0,246.0
76.0,2.2,435.0,58.0,15.0,1032.0,208.0
76.0,2.2,435.0,58.0,15.0,1262.0,184.0
76.0,2.2,435.0,58.0,15.0,1487.0,162.0
76.0,2.2,435.0,58.0,15.0,1717.0,141.0
76.0,2.2,435.0,58.0,15.0,1947.0,121.0
76.0,2.2,435.0,58.0,15.0,2172.0,107.0
76.0,2.2,435.0,58.0,15.0,2402.0,96.0
101.7,2.4,410.0,58.0,10.0,1947.0,361.0
101.7,2.4,410.0,58.0,15.0,1947.0,309.0
101.7,2.4,410.0,58.0,20.0,1947.0,275.0
101.7,2.4,410.0,58.0,25.0,1947.0,240.0
101.7,2.4,410.0,58.0,30.0,1947.0,220.0
101.7,2.4,410.0,58.0,40.0,1947.0,188.0
101.7,2.4,410.0,58.0,50.0,1947.0,158.0
101.5,2.4,410.0,58.0,50.0,2175.0,157.0
101.5,2.4,410.0,58.0,50.0,2175.0,183.0
101.5,2.4,410.0,58.0,50.0,2175.0,196.0
101.5,2.4,410.0,58.0,50.0,2175.0,215.0
101.5,2.4,410.0,58.0,50.0,2175.0,237.0
101.5,2.4,410.0,58.0,50.0,2175.0,256.0
101.5,2.4,410.0,58.0,50.0,2175.0,266.0
101.5,2.4,410.0,58.0,50.0,2175.0,266.0
101.5,2.4,410.0,58.0,40.0,2175.0,197.0
101.5,2.4,410.0,58.0,40.0,2175.0,243.0
101.5,2.4,410.0,58.0,40.0,2175.0,260.0
101.5,2.4,410.0,58.0,40.0,2175.0,281.0
101.5,2.4,410.0,58.0,40.0,2175.0,331.0
101.5,2.4,410.0,58.0,30.0,2175.0,244.0
101.5,2.4,410.0,58.0,30.0,2175.0,318.0
101.5,2.4,410.0,58.0,30.0,2175.0,340.0
101.5,2.4,410.0,58.0,30.0,2175.0,384.0
101.5,2.4,410.0,58.0,20.0,2175.0,282.0
101.5,2.4,410.0,58.0,20.0,2175.0,367.0
101.5,2.4,410.0,58.0,20.0,2175.0,411.0
101.5,2.4,410.0,58.0,40.0,2175.0,344.0
101.5,2.4,410.0,58.0,40.0,2175.0,385.0
101.5,2.4,410.0,58.0,0.0,2175.0,523.0
101.5,2.4,410.0,58.0,50.0,2175.0,303.0
101.5,2.4,410.0,58.0,50.0,2175.0,344.0
125.0,1.0,232.0,84.7,0.0,438.0,1275.0
125.0,1.0,232.0,84.7,0.0,438.0,1239.0
127.0,2.0,258.0,84.7,0.0,445.0,1491.0
127.0,2.0,258.0,84.7,0.0,445.0,1339.0
133.0,3.5,352.0,84.7,0.0,465.0,1995.0
133.0,3.5,352.0,84.7,0.0,465.0,1991.0
133.0,3.5,352.0,84.7,0.0,465.0,1962.0
133.0,4.7,352.0,84.7,0.0,465.0,2273.0
133.0,4.7,352.0,84.7,0.0,465.0,2158.0
133.0,4.7,352.0,84.7,0.0,465.0,2253.0
127.0,7.0,429.0,84.7,0.0,445.0,3404.0
127.0,7.0,429.0,84.7,0.0,445.0,3370.0
127.0,7.0,429.0,84.7,0.0,445.0,3364.0
108.0,4.5,358.0,77.4,0.0,378.0,1535.0
108.0,4.5,358.0,77.4,0.0,378.0,1578.0
108.0,4.5,358.0,77.4,0.0,378.0,1518.0
165.0,2.82,363.3,48.3,0.0,580.5,1662.0
190.0,1.94,256.4,41.0,0.0,663.5,1678.0
190.0,1.52,306.1,48.3,0.0,664.5,1695.0
190.0,1.13,185.7,41.0,0.0,664.5,1377.0
190.0,0.86,210.7,41.0,0.0,659.0,1350.0
165.0,2.82,363.3,80.2,0.0,580.5,2295.0
190.0,1.94,256.4,74.7,0.0,663.5,2592.0
190.0,1.52,306.1,80.2,0.0,663.5,2602.0
190.0,1.13,185.7,80.2,0.0,662.5,2295.0
190.0,0.86,210.7,74.7,0.0,663.5,2451.0
165.0,2.82,363.3,108.0,0.0,577.5,2673.0
190.0,1.94,256.4,108.0,0.0,660.0,3360.0
190.0,1.52,306.1,108.0,0.0,661.5,3260.0
190.0,1.13,185.7,108.0,0.0,660.0,3058.0
190.0,0.86,210.7,108.0,0.0,662.0,3070.0
165.0,2.82,363.3,48.3,7.0,580.5,1525.0
190.0,1.94,256.4,41.0,8.6,661.0,1533.0
190.0,1.13,185.7,41.0,8.5,663.5,1229.0
190.0,0.86,210.7,41.0,7.4,662.0,1219.0
165.0,2.82,363.3,48.3,17.2,580.0,1123.0
190.0,1.94,256.4,41.0,16.2,664.0,1284.0
190.0,1.52,306.1,48.3,15.5,662.0,1260.0
190.0,1.13,185.7,41.0,18.9,664.0,1023.0
190.0,0.86,210.7,41.0,13.9,663.0,1017.0
165.0,2.82,363.3,80.2,9.4,579.5,1940.0
190.0,1.94,256.4,74.7,10.0,662.5,2203.0
190.0,0.86,210.7,74.7,8.6,665.5,1910.0
165.0,2.82,363.3,80.2,17.9,579.5,1653.0
190.0,1.94,256.4,74.7,20.8,663.0,1730.0
190.0,1.52,306.1,80.2,14.3,663.5,1925.0
190.0,0.86,210.7,74.7,17.9,665.0,1532.0
165.0,2.82,363.3,112.7,6.8,578.5,2246.0
190.0,1.94,256.4,112.7,6.5,661.5,2683.0
190.0,0.86,210.7,112.7,4.0,660.5,2112.0
165.0,2.82,363.3,112.7,15.6,578.5,1880.0
190.0,1.94,256.4,112.7,17.0,664.5,2386.0
190.0,1.52,306.1,112.7,12.9,660.5,2420.0
190.0,1.13,185.7,112.7,17.1,662.0,1925.0
158.7,0.9,221.0,18.7,0.0,450.0,699.7
157.5,1.5,308.0,18.7,0.0,450.0,815.4
157.7,2.14,286.0,18.7,0.0,450.0,907.5
219.0,6.3,300.0,108.0,0.0,708.0,5410.0
219.0,6.3,405.0,99.0,0.0,1728.0,4977.0
219.0,6.3,393.0,100.0,0.0,3078.0,4204.0
240.0,6.0,489.0,31.5,120.0,1400.0,1277.0
360.0,6.0,498.0,31.5,0.0,1760.0,6888.0
360.0,6.0,498.0,31.5,60.0,1760.0,4294.0
480.0,6.0,468.0,31.5,240.0,2120.0,3323.0
600.0,6.0,517.0,31.5,300.0,2480.0,4590.0
240.0,6.0,489.0,59.0,120.0,1400.0,1438.0
360.0,6.0,498.0,59.0,180.0,1760.0,2537.0
480.0,6.0,468.0,59.0,240.0,2120.0,3895.0
300.0,12.0,479.0,31.5,0.0,1580.0,9823.0
300.0,12.0,479.0,31.5,150.0,1580.0,3683.0
480.0,12.0,489.0,31.5,240.0,2120.0,5135.0
139.6,4.0,374.0,62.0,25.0,1310.0,756.9
139.6,4.0,374.0,62.0,25.0,1230.0,874.7
139.6,4.0,374.0,62.0,25.0,2125.0,608.2
139.6,4.0,374.0,62.0,25.0,2135.0,605.7
139.6,4.0,374.0,62.0,25.0,3270.0,555.9
139.6,4.0,374.0,62.0,25.0,3270.0,484.11
139.6,4.0,374.0,62.0,25.0,4670.0,336.2
139.6,4.0,374.0,62.0,25.0,4670.0,333.0
139.6,4.0,374.0,62.0,25.0,1070.0,813.8
139.6,4.0,374.0,62.0,25.0,1250.0,835.2
139.6,4.0,374.0,62.0,25.0,3040.0,610.3
139.6,4.0,374.0,62.0,25.0,2130.0,678.6
139.6,4.0,374.0,62.0,25.0,3270.0,540.95
139.6,4.0,374.0,62.0,25.0,3270.0,569.0
139.6,4.0,374.0,62.0,25.0,4670.0,342.4
139.6,4.0,374.0,62.0,25.0,4670.0,333.9
100.0,3.0,322.0,32.7,20.0,2135.0,181.56
100.0,3.0,322.0,34.5,50.0,2135.0,117.49
100.0,3.0,322.0,65.79,20.0,2135.0,248.58
100.0,3.0,322.0,71.64,50.0,2135.0,151.59
100.0,3.0,322.0,95.63,20.0,2135.0,271.04
100.0,3.0,322.0,93.01,50.0,2135.0,154.24
100.0,3.0,322.0,39.43,20.0,3135.0,140.32
100.0,3.0,322.0,36.68,50.0,3135.0,95.75
100.0,3.0,322.0,71.74,20.0,3135.0,159.55
100.0,3.0,322.0,79.55,50.0,3135.0,102.75
100.0,3.0,322.0,94.56,20.0,3135.0,160.33
100.0,3.0,322.0,90.4,50.0,3135.0,160.8
100.0,5.0,322.0,35.39,20.0,2135.0,270.02
100.0,5.0,322.0,30.54,50.0,2135.0,161.26
100.0,5.0,322.0,70.16,20.0,2135.0,313.55
100.0,5.0,322.0,61.0,50.0,2135.0,183.81
101.6,5.0,320.0,95.43,20.0,2135.0,330.4
101.6,5.0,320.0,81.66,50.0,2135.0,213.46
101.6,5.0,320.0,38.67,20.0,3135.0,212.48
101.6,5.0,320.0,39.56,50.0,3135.0,144.83
101.6,5.0,320.0,71.86,20.0,3135.0,231.35
101.6,5.0,320.0,72.49,50.0,3135.0,153.16
101.6,5.0,320.0,86.39,20.0,3135.0,246.82
101.6,5.0,320.0,96.74,50.0,3135.0,164.95
125.0,5.0,322.0,87.98,20.0,3135.0,474.17
125.0,5.0,322.0,96.97,50.0,3135.0,317.9
125.0,5.0,322.0,107.33,20.0,3135.0,489.47
125.0,5.0,322.0,97.92,50.0,3135.0,322.97
160.1,5.7,322.0,87.38,20.0,3135.0,1012.5
160.1,5.7,322.0,74.75,50.0,3135.0,642.16
160.1,5.7,322.0,83.08,20.0,3135.0,1011.5
160.1,5.7,322.0,98.5,50.0,3135.0,686.21
114.85,3.0,354.05,40.3,0.0,1000.0,806.4
114.85,3.0,354.05,40.3,0.0,1500.0,688.2
114.85,3.0,354.05,40.3,0.0,2000.0,632.2
114.85,3.0,354.05,40.3,0.0,2500.0,566.1
127.3,3.0,345.2,40.3,0.0,1000.0,912.1
127.3,3.0,345.2,40.3,0.0,1500.0,848.5
127.3,3.0,345.2,40.3,0.0,2000.0,715.8
127.3,3.0,345.2,40.3,0.0,2500.0,638.8
139.2,3.0,361.95,40.3,0.0,1000.0,1059.8
139.2,3.0,361.95,40.3,0.0,1500.0,941.9
139.2,3.0,361.95,40.3,0.0,2000.0,868.3
139.2,3.0,361.95,40.3,0.0,2500.0,750.7
152.4,3.0,488.2,30.9,0.0,1000.0,1463.3
152.4,3.0,488.2,30.9,0.0,1500.0,1209.1
152.4,3.0,488.2,30.9,0.0,2000.0,1167.3
152.4,3.0,394.3,30.9,0.0,2500.0,968.9
165.1,3.0,438.2,30.9,0.0,1000.0,1549.5
165.1,3.0,438.2,30.9,0.0,1500.0,1338.0
165.1,3.0,438.2,30.9,0.0,2000.0,1234.5
165.1,3.0,430.3,30.9,0.0,2500.0,1232.0
193.7,3.0,398.8,30.9,0.0,1000.0,1999.6
193.7,3.5,398.8,30.9,0.0,1500.0,1817.1
193.7,3.5,398.8,30.9,0.0,2000.0,1796.3
193.7,3.5,392.2,30.9,0.0,2500.0,1620.8
76.21,2.52,286.0,145.0,0.0,300.0,752.0
76.12,2.51,286.0,145.0,0.0,300.0,762.0
76.11,2.48,286.0,145.0,0.0,300.0,774.0
76.19,2.99,278.0,145.0,0.0,300.0,805.0
75.84,2.99,278.0,145.0,0.0,300.0,796.0
75.97,2.98,278.0,145.0,0.0,300.0,801.0
76.18,3.31,305.0,145.0,0.0,300.0,841.0
159.0,6.0,394.0,37.7,0.0,2135.0,1414.0
159.0,6.0,377.0,39.9,20.0,2135.0,851.0
159.0,6.0,377.0,40.1,50.0,2135.0,587.0
159.0,6.0,376.0,75.7,50.0,2135.0,870.0
159.0,6.0,457.0,120.1,0.0,2135.0,2792.0
159.0,6.0,487.0,116.0,0.0,2135.0,2193.0
159.0,6.0,380.0,109.8,20.0,2135.0,1462.0
159.0,6.0,487.0,110.7,20.0,2135.0,1525.0
159.0,6.0,444.0,91.4,50.0,2135.0,1033.0
152.0,4.5,356.4,27.0,0.0,3000.0,1001.0
152.0,4.5,356.4,27.0,0.0,3000.0,905.0
152.0,4.5,356.4,27.0,0.0,3000.0,929.0
152.0,4.5,356.4,87.1,0.0,3000.0,1499.0
159.0,4.5,344.4,56.7,0.0,3000.0,1351.0
159.0,4.5,344.4,56.7,0.0,3000.0,1509.0
159.0,4.5,344.4,56.7,0.0,3000.0,1408.0
159.0,4.5,344.4,82.1,0.0,3000.0,1557.0
159.0,4.5,344.4,82.1,0.0,3000.0,1501.0
159.0,4.5,344.4,82.1,0.0,3000.0,1515.0
159.0,4.5,475.4,56.7,0.0,3000.0,1710.0
159.0,4.5,475.4,56.7,0.0,3000.0,1710.0
159.0,4.5,475.4,56.7,0.0,3000.0,1705.0
159.0,4.5,475.4,82.1,0.0,3000.0,1767.0
159.0,4.5,475.4,82.1,0.0,3000.0,1711.0
159.0,4.5,475.4,82.1,0.0,3000.0,1755.0
114.3,2.74,235.0,56.2,0.0,300.0,901.81
114.3,2.74,235.0,66.75,0.0,300.0,981.23
114.3,2.74,235.0,107.2,0.0,300.0,1295.06
114.3,5.9,355.0,56.2,0.0,300.0,1735.77
114.3,5.9,355.0,66.75,0.0,300.0,1818.62
114.3,5.9,355.0,107.2,0.0,300.0,1989.86
114.3,2.74,235.0,56.2,0.0,600.0,947.75
114.3,2.74,235.0,66.75,0.0,600.0,1031.92
114.3,2.74,235.0,107.2,0.0,600.0,1296.61
114.3,5.9,355.0,56.2,0.0,600.0,1723.19
114.3,5.9,355.0,66.75,0.0,600.0,1810.94
114.3,5.9,355.0,107.2,0.0,600.0,1968.06
114.3,2.74,235.0,56.2,0.0,900.0,877.28
114.3,2.74,235.0,66.75,0.0,900.0,983.51
114.3,2.74,235.0,107.2,0.0,900.0,1233.24
114.3,5.9,355.0,56.2,0.0,900.0,1592.48
114.3,5.9,355.0,66.75,0.0,900.0,1713.34
114.3,5.9,355.0,107.2,0.0,900.0,1907.29
193.7,8.0,444.0,40.0,5.0,3315.0,1871.0
193.7,8.0,444.0,142.0,5.0,3315.0,2703.0
168.3,2.8,317.8,37.71,0.0,300.0,1282.5
168.3,2.8,317.8,93.74,0.0,300.0,2375.7
159.0,3.0,336.28,33.39,0.0,300.0,1185.7
159.0,3.0,336.28,90.85,0.0,300.0,2021.7
120.0,2.5,445.52,41.44,0.0,300.0,879.2
120.0,2.5,445.52,94.68,0.0,300.0,1417.2
100.0,3.0,432.09,34.04,0.0,300.0,724.0
100.0,3.0,432.82,93.51,0.0,300.0,1141.3
101.6,3.0,425.03,34.04,0.0,300.0,703.3
101.6,3.0,425.03,93.51,0.0,300.0,1075.5
140.0,4.42,1020.0,52.5,0.0,420.0,3020.0
140.0,6.27,1153.0,52.5,0.0,420.0,4274.0
140.0,8.36,813.0,52.5,0.0,420.0,4436.0
140.0,10.46,773.0,52.5,0.0,420.0,5420.0
140.0,6.21,359.0,125.0,0.0,420.0,3215.0
140.0,6.21,359.0,125.0,0.0,420.0,3202.0
140.0,8.19,389.0,125.0,0.0,420.0,3354.0
140.0,8.19,389.0,125.0,0.0,420.0,3398.0
140.0,11.58,367.0,125.0,0.0,420.0,4104.0
140.0,11.58,367.0,125.0,0.0,420.0,4300.0
140.0,16.72,389.0,125.0,0.0,420.0,5135.0
140.0,16.72,389.0,125.0,0.0,420.0,5120.0
140.0,4.42,1020.0,125.0,0.0,420.0,4516.0
140.0,4.42,1020.0,125.0,0.0,420.0,4312.0
140.0,6.27,1153.0,125.0,0.0,420.0,5386.0
140.0,6.27,1153.0,125.0,0.0,420.0,5354.0
140.0,8.36,813.0,125.0,0.0,420.0,5531.0
140.0,8.36,813.0,125.0,0.0,420.0,5502.0
140.0,10.46,773.0,125.0,0.0,420.0,6339.0
140.0,10.46,773.0,125.0,0.0,420.0,6187.0
