1,2,3,4,5,6,7,8,9,10,11,12,13,14,15,16,17,18,19,20,21,22,23,24,Compressive strength
582.1,52.5,1,0,259.9,0.0,0.0,24.3,0.0,1256.1,0.0,2.0,0.0,173.2,43.3,0.0,0,0,0.0,0.0,0,28,40.0,160.0,100.07
591.9,52.5,1,0,264.3,0.0,0.0,24.7,0.0,1277.2,0.0,2.0,0.0,159.3,44.0,0.0,0,0,0.0,0.0,0,28,40.0,160.0,105.43
600.0,52.5,1,0,267.9,0.0,0.0,25.0,0.0,1294.6,0.0,2.0,0.0,147.8,44.6,0.0,0,0,0.0,0.0,0,28,40.0,160.0,103.79
596.1,52.5,1,0,0.0,266.1,0.0,24.8,0.0,1286.3,0.0,2.0,0.0,177.4,44.4,0.0,0,0,0.0,0.0,0,28,40.0,160.0,106.87
606.4,52.5,1,0,0.0,270.7,0.0,25.3,0.0,1308.5,0.0,2.0,0.0,163.2,45.1,0.0,0,0,0.0,0.0,0,28,40.0,160.0,112.47
614.9,52.5,1,0,0.0,274.5,0.0,25.6,0.0,1326.8,0.0,2.0,0.0,151.5,45.8,0.0,0,0,0.0,0.0,0,28,40.0,160.0,110.83
592.6,52.5,1,0,0.0,0.0,0.0,24.7,264.6,1278.8,0.0,2.0,0.0,176.4,44.1,0.0,0,0,0.0,0.0,0,28,40.0,160.0,98.22
602.8,52.5,1,0,0.0,0.0,0.0,25.1,269.1,1300.8,0.0,2.0,0.0,162.2,44.9,0.0,0,0,0.0,0.0,0,28,40.0,160.0,102.86
611.2,52.5,1,0,0.0,0.0,0.0,25.5,272.9,1318.8,0.0,2.0,0.0,150.6,45.5,0.0,0,0,0.0,0.0,0,28,40.0,160.0,100.74
582.1,52.5,1,0,259.9,0.0,0.0,24.3,0.0,1256.1,0.0,2.0,0.0,173.2,43.3,0.0,0,0,0.0,0.0,0,91,40.0,160.0,108.78
591.9,52.5,1,0,264.3,0.0,0.0,24.7,0.0,1277.2,0.0,2.0,0.0,159.3,44.0,0.0,0,0,0.0,0.0,0,91,40.0,160.0,116.07
600.0,52.5,1,0,267.9,0.0,0.0,25.0,0.0,1294.6,0.0,2.0,0.0,147.8,44.6,0.0,0,0,0.0,0.0,0,91,40.0,160.0,113.47
596.1,52.5,1,0,0.0,266.1,0.0,24.8,0.0,1286.3,0.0,2.0,0.0,177.4,44.4,0.0,0,0,0.0,0.0,0,91,40.0,160.0,117.51
606.4,52.5,1,0,0.0,270.7,0.0,25.3,0.0,1308.5,0.0,2.0,0.0,163.2,45.1,0.0,0,0,0.0,0.0,0,91,40.0,160.0,126.49
614.9,52.5,1,0,0.0,274.5,0.0,25.6,0.0,1326.8,0.0,2.0,0.0,151.5,45.8,0.0,0,0,0.0,0.0,0,91,40.0,160.0,123.4
592.6,52.5,1,0,0.0,0.0,0.0,24.7,264.6,1278.8,0.0,2.0,0.0,176.4,44.1,0.0,0,0,0.0,0.0,0,91,40.0,160.0,110.55
602.8,52.5,1,0,0.0,0.0,0.0,25.1,269.1,1300.8,0.0,2.0,0.0,162.2,44.9,0.0,0,0,0.0,0.0,0,91,40.0,160.0,114.46
611.2,52.5,1,0,0.0,0.0,0.0,25.5,272.9,1318.8,0.0,2.0,0.0,150.6,45.5,0.0,0,0,0.0,0.0,0,91,40.0,160.0,113.31
868.8,52.5,1,1,0.0,0.0,0.0,25.0,0.0,1295.9,0.0,0.6,0.0,178.8,44.7,0.0,0,0,0.0,0.0,0,28,40.0,160.0,108.0
883.9,52.5,1,1,0.0,0.0,0.0,25.5,0.0,1318.5,0.0,0.6,0.0,164.4,45.5,0.0,0,0,0.0,0.0,0,28,40.0,160.0,116.0
896.3,52.5,2,1,0.0,0.0,0.0,25.8,0.0,1337.1,0.0,0.5,0.0,152.7,46.1,0.0,0,0,0.0,0.0,0,28,40.0,160.0,115.0
439.5,52.5,1,0,0.0,0.0,0.0,0.0,263.7,1273.4,0.0,2.0,175.9,175.8,43.9,0.0,0,0,2.5,0.2,13,28,40.0,160.0,69.71
435.1,52.5,1,0,0.0,0.0,0.0,4.4,263.7,1273.4,0.0,2.0,175.9,175.8,43.9,0.0,0,0,2.5,0.2,13,28,40.0,160.0,76.8
430.7,52.5,1,0,0.0,0.0,0.0,8.8,263.7,1273.4,0.0,2.0,175.9,175.8,43.9,0.0,0,0,2.5,0.2,13,28,40.0,160.0,80.92
426.3,52.5,1,0,0.0,0.0,0.0,13.2,263.7,1273.4,0.0,2.0,175.9,175.8,43.9,0.0,0,0,2.5,0.2,13,28,40.0,160.0,89.0
421.9,52.5,1,0,0.0,0.0,0.0,17.6,263.7,1273.4,0.0,2.0,175.9,175.8,43.9,0.0,0,0,2.5,0.2,13,28,40.0,160.0,91.14
417.5,52.5,1,0,0.0,0.0,0.0,22.0,263.7,1273.4,0.0,2.0,175.9,175.8,43.9,0.0,0,0,2.5,0.2,13,28,40.0,160.0,86.73
439.5,52.5,1,0,0.0,0.0,0.0,0.0,263.7,1273.4,0.0,2.0,175.9,175.8,43.9,0.0,0,0,2.5,0.2,13,7,40.0,160.0,60.56
435.1,52.5,1,0,0.0,0.0,0.0,4.4,263.7,1273.4,0.0,2.0,175.9,175.8,43.9,0.0,0,0,2.5,0.2,13,7,40.0,160.0,63.69
430.7,52.5,1,0,0.0,0.0,0.0,8.8,263.7,1273.4,0.0,2.0,175.9,175.8,43.9,0.0,0,0,2.5,0.2,13,7,40.0,160.0,65.71
426.3,52.5,1,0,0.0,0.0,0.0,13.2,263.7,1273.4,0.0,2.0,175.9,175.8,43.9,0.0,0,0,2.5,0.2,13,7,40.0,160.0,68.96
421.9,52.5,1,0,0.0,0.0,0.0,17.6,263.7,1273.4,0.0,2.0,175.9,175.8,43.9,0.0,0,0,2.5,0.2,13,7,40.0,160.0,69.38
417.5,52.5,1,0,0.0,0.0,0.0,22.0,263.7,1273.4,0.0,2.0,175.9,175.8,43.9,0.0,0,0,2.5,0.2,13,7,40.0,160.0,65.46
439.5,52.5,1,0,0.0,0.0,0.0,0.0,263.7,1273.4,0.0,2.0,175.9,175.8,43.9,0.0,0,0,2.5,0.2,13,3,40.0,160.0,49.43
435.1,52.5,1,0,0.0,0.0,0.0,4.4,263.7,1273.4,0.0,2.0,175.9,175.8,43.9,0.0,0,0,2.5,0.2,13,3,40.0,160.0,51.08
430.7,52.5,1,0,0.0,0.0,0.0,8.8,263.7,1273.4,0.0,2.0,175.9,175.8,43.9,0.0,0,0,2.5,0.2,13,3,40.0,160.0,55.2
426.3,52.5,1,0,0.0,0.0,0.0,13.2,263.7,1273.4,0.0,2.0,175.9,175.8,43.9,0.0,0,0,2.5,0.2,13,3,40.0,160.0,56.97
421.9,52.5,1,0,0.0,0.0,0.0,17.6,263.7,1273.4,0.0,2.0,175.9,175.8,43.9,0.0,0,0,2.5,0.2,13,3,40.0,160.0,57.38
417.5,52.5,1,0,0.0,0.0,0.0,22.0,263.7,1273.4,0.0,2.0,175.9,175.8,43.9,0.0,0,0,2.5,0.2,13,3,40.0,160.0,55.82
874.9,52.5,1,0,0.0,0.0,44.0,43.7,0.0,1273.4,0.0,2.0,0.0,202.1,45.9,0.0,0,0,0.0,0.2,13,7,40.0,160.0,85.89
612.4,52.5,1,0,0.0,0.0,44.0,43.7,262.5,1273.4,0.0,2.0,0.0,202.1,45.9,0.0,0,0,0.0,0.2,13,7,40.0,160.0,78.4
699.0,52.5,1,0,0.0,0.0,44.0,43.7,0.0,1273.4,0.0,2.0,175.0,202.1,45.9,0.0,0,0,0.0,0.2,13,7,40.0,160.0,85.92
874.9,52.5,1,0,0.0,0.0,44.0,43.7,0.0,1273.4,0.0,2.0,0.0,202.1,45.9,0.0,0,0,0.5,0.2,13,7,40.0,160.0,106.67
612.4,52.5,1,0,0.0,0.0,44.0,43.7,262.5,1273.4,0.0,2.0,0.0,202.1,45.9,0.0,0,0,0.5,0.2,13,7,40.0,160.0,89.86
699.0,52.5,1,0,0.0,0.0,44.0,43.7,0.0,1273.4,0.0,2.0,175.0,202.1,45.9,0.0,0,0,0.5,0.2,13,7,40.0,160.0,99.18
874.9,52.5,1,0,0.0,0.0,44.0,43.7,0.0,1273.4,0.0,2.0,0.0,202.1,45.9,0.0,0,0,1.0,0.2,13,7,40.0,160.0,108.82
612.4,52.5,1,0,0.0,0.0,44.0,43.7,262.5,1273.4,0.0,2.0,0.0,202.1,45.9,0.0,0,0,1.0,0.2,13,7,40.0,160.0,93.21
699.0,52.5,1,0,0.0,0.0,44.0,43.7,0.0,1273.4,0.0,2.0,175.0,202.1,45.9,0.0,0,0,1.0,0.2,13,7,40.0,160.0,102.54
874.9,52.5,1,0,0.0,0.0,44.0,43.7,0.0,1273.4,0.0,2.0,0.0,202.1,45.9,0.0,0,0,1.5,0.2,13,7,40.0,160.0,110.97
612.4,52.5,1,0,0.0,0.0,44.0,43.7,262.5,1273.4,0.0,2.0,0.0,202.1,45.9,0.0,0,0,1.5,0.2,13,7,40.0,160.0,100.77
699.0,52.5,1,0,0.0,0.0,44.0,43.7,0.0,1273.4,0.0,2.0,175.0,202.1,45.9,0.0,0,0,1.5,0.2,13,7,40.0,160.0,108.89
874.9,52.5,1,0,0.0,0.0,44.0,43.7,0.0,1273.4,0.0,2.0,0.0,202.1,45.9,0.0,0,0,2.0,0.2,13,7,40.0,160.0,120.63
612.4,52.5,1,0,0.0,0.0,44.0,43.7,262.5,1273.4,0.0,2.0,0.0,202.1,45.9,0.0,0,0,2.0,0.2,13,7,40.0,160.0,105.63
699.0,52.5,1,0,0.0,0.0,44.0,43.7,0.0,1273.4,0.0,2.0,175.0,202.1,45.9,0.0,0,0,2.0,0.2,13,7,40.0,160.0,114.65
874.9,52.5,1,0,0.0,0.0,44.0,43.7,0.0,1273.4,0.0,2.0,0.0,202.1,45.9,0.0,0,0,2.5,0.2,13,7,40.0,160.0,133.59
612.4,52.5,1,0,0.0,0.0,44.0,43.7,262.5,1273.4,0.0,2.0,0.0,202.1,45.9,0.0,0,0,2.5,0.2,13,7,40.0,160.0,114.39
699.0,52.5,1,0,0.0,0.0,44.0,43.7,0.0,1273.4,0.0,2.0,175.0,202.1,45.9,0.0,0,0,2.5,0.2,13,7,40.0,160.0,123.41
874.9,52.5,1,0,0.0,0.0,44.0,43.7,0.0,1273.4,0.0,2.0,0.0,202.1,45.9,0.0,0,0,0.0,0.2,13,28,40.0,160.0,100.92
612.4,52.5,1,0,0.0,0.0,44.0,43.7,262.5,1273.4,0.0,2.0,0.0,202.1,45.9,0.0,0,0,0.0,0.2,13,28,40.0,160.0,88.32
699.0,52.5,1,0,0.0,0.0,44.0,43.7,0.0,1273.4,0.0,2.0,175.0,202.1,45.9,0.0,0,0,0.0,0.2,13,28,40.0,160.0,94.94
874.9,52.5,1,0,0.0,0.0,44.0,43.7,0.0,1273.4,0.0,2.0,0.0,202.1,45.9,0.0,0,0,0.5,0.2,13,28,40.0,160.0,115.38
612.4,52.5,1,0,0.0,0.0,44.0,43.7,262.5,1273.4,0.0,2.0,0.0,202.1,45.9,0.0,0,0,0.5,0.2,13,28,40.0,160.0,101.28
699.0,52.5,1,0,0.0,0.0,44.0,43.7,0.0,1273.4,0.0,2.0,175.0,202.1,45.9,0.0,0,0,0.5,0.2,13,28,40.0,160.0,107.3
874.9,52.5,1,0,0.0,0.0,44.0,43.7,0.0,1273.4,0.0,2.0,0.0,202.1,45.9,0.0,0,0,1.0,0.2,13,28,40.0,160.0,125.04
612.4,52.5,1,0,0.0,0.0,44.0,43.7,262.5,1273.4,0.0,2.0,0.0,202.1,45.9,0.0,0,0,1.0,0.2,13,28,40.0,160.0,114.24
699.0,52.5,1,0,0.0,0.0,44.0,43.7,0.0,1273.4,0.0,2.0,175.0,202.1,45.9,0.0,0,0,1.0,0.2,13,28,40.0,160.0,121.16
874.9,52.5,1,0,0.0,0.0,44.0,43.7,0.0,1273.4,0.0,2.0,0.0,202.1,45.9,0.0,0,0,1.5,0.2,13,28,40.0,160.0,132.3
612.4,52.5,1,0,0.0,0.0,44.0,43.7,262.5,1273.4,0.0,2.0,0.0,202.1,45.9,0.0,0,0,1.5,0.2,13,28,40.0,160.0,126.0
699.0,52.5,1,0,0.0,0.0,44.0,43.7,0.0,1273.4,0.0,2.0,175.0,202.1,45.9,0.0,0,0,1.5,0.2,13,28,40.0,160.0,130.52
874.9,52.5,1,0,0.0,0.0,44.0,43.7,0.0,1273.4,0.0,2.0,0.0,202.1,45.9,0.0,0,0,2.0,0.2,13,28,40.0,160.0,146.16
612.4,52.5,1,0,0.0,0.0,44.0,43.7,262.5,1273.4,0.0,2.0,0.0,202.1,45.9,0.0,0,0,2.0,0.2,13,28,40.0,160.0,134.16
699.0,52.5,1,0,0.0,0.0,44.0,43.7,0.0,1273.4,0.0,2.0,175.0,202.1,45.9,0.0,0,0,2.0,0.2,13,28,40.0,160.0,140.48
874.9,52.5,1,0,0.0,0.0,44.0,43.7,0.0,1273.4,0.0,2.0,0.0,202.1,45.9,0.0,0,0,2.5,0.2,13,28,40.0,160.0,155.82
612.4,52.5,1,0,0.0,0.0,44.0,43.7,262.5,1273.4,0.0,2.0,0.0,202.1,45.9,0.0,0,0,2.5,0.2,13,28,40.0,160.0,142.32
699.0,52.5,1,0,0.0,0.0,44.0,43.7,0.0,1273.4,0.0,2.0,175.0,202.1,45.9,0.0,0,0,2.5,0.2,13,28,40.0,160.0,149.54
809.0,42.5,1,1,0.0,0.0,270.0,0.0,0.0,1079.0,0.0,2.36,0.0,177.0,21.6,0.0,0,0,0.0,0.2,13,3,40.0,160.0,72.0
800.0,42.5,1,1,0.0,0.0,267.0,0.0,0.0,1067.0,0.0,2.36,0.0,175.0,21.3,0.0,0,0,1.0,0.2,13,3,40.0,160.0,90.0
792.0,42.5,1,1,0.0,0.0,264.0,0.0,0.0,1056.0,0.0,2.36,0.0,173.0,21.1,0.0,0,0,2.0,0.2,13,3,40.0,160.0,103.9
784.0,42.5,1,1,0.0,0.0,261.0,0.0,0.0,1045.0,0.0,2.36,0.0,171.0,20.9,0.0,0,0,3.0,0.2,13,3,40.0,160.0,106.6
809.0,42.5,1,1,0.0,0.0,270.0,0.0,0.0,1079.0,0.0,2.36,0.0,177.0,21.6,0.0,0,0,0.0,0.2,13,7,40.0,160.0,95.4
800.0,42.5,1,1,0.0,0.0,267.0,0.0,0.0,1067.0,0.0,2.36,0.0,175.0,21.3,0.0,0,0,1.0,0.2,13,7,40.0,160.0,112.5
792.0,42.5,1,1,0.0,0.0,264.0,0.0,0.0,1056.0,0.0,2.36,0.0,173.0,21.1,0.0,0,0,2.0,0.2,13,7,40.0,160.0,124.62
784.0,42.5,1,1,0.0,0.0,261.0,0.0,0.0,1045.0,0.0,2.36,0.0,171.0,20.9,0.0,0,0,3.0,0.2,13,7,40.0,160.0,128.08
809.0,42.5,1,1,0.0,0.0,270.0,0.0,0.0,1079.0,0.0,2.36,0.0,177.0,21.6,0.0,0,0,0.0,0.2,13,28,40.0,160.0,108.7
800.0,42.5,1,1,0.0,0.0,267.0,0.0,0.0,1067.0,0.0,2.36,0.0,175.0,21.3,0.0,0,0,1.0,0.2,13,28,40.0,160.0,131.63
792.0,42.5,1,1,0.0,0.0,264.0,0.0,0.0,1056.0,0.0,2.36,0.0,173.0,21.1,0.0,0,0,2.0,0.2,13,28,40.0,160.0,151.5
784.0,42.5,1,1,0.0,0.0,261.0,0.0,0.0,1045.0,0.0,2.36,0.0,171.0,20.9,0.0,0,0,3.0,0.2,13,28,40.0,160.0,158.0
809.0,42.5,1,1,0.0,0.0,270.0,0.0,0.0,1079.0,0.0,2.36,0.0,177.0,21.6,0.0,0,0,0.0,0.2,13,90,40.0,160.0,113.38
800.0,42.5,1,1,0.0,0.0,267.0,0.0,0.0,1067.0,0.0,2.36,0.0,175.0,21.3,0.0,0,0,1.0,0.2,13,90,40.0,160.0,150.5
792.0,42.5,1,1,0.0,0.0,264.0,0.0,0.0,1056.0,0.0,2.36,0.0,173.0,21.1,0.0,0,0,2.0,0.2,13,90,40.0,160.0,162.47
784.0,42.5,1,1,0.0,0.0,261.0,0.0,0.0,1045.0,0.0,2.36,0.0,171.0,20.9,0.0,0,0,3.0,0.2,13,90,40.0,160.0,169.0
472.0,42.5,1,1,0.0,315.0,262.0,0.0,0.0,1049.0,0.0,2.36,0.0,178.0,21.0,0.0,0,0,0.0,0.0,0,7,40.0,160.0,93.0
472.0,42.5,1,1,0.0,315.0,262.0,0.0,0.0,1049.0,0.0,2.36,0.0,178.0,21.0,0.0,0,0,2.0,0.2,6,7,40.0,160.0,118.0
472.0,42.5,1,1,0.0,315.0,262.0,0.0,0.0,1049.0,0.0,2.36,0.0,178.0,21.0,0.0,0,0,2.0,0.2,8,7,40.0,160.0,121.0
472.0,42.5,1,1,0.0,315.0,262.0,0.0,0.0,1049.0,0.0,2.36,0.0,178.0,21.0,0.0,0,0,2.0,0.2,10,7,40.0,160.0,108.0
472.0,42.5,1,1,0.0,315.0,262.0,0.0,0.0,1049.0,0.0,2.36,0.0,178.0,21.0,0.0,0,0,2.0,0.2,11,7,40.0,160.0,103.0
472.0,42.5,1,1,0.0,315.0,262.0,0.0,0.0,1049.0,0.0,2.36,0.0,178.0,21.0,0.0,0,0,2.0,0.2,13,7,40.0,160.0,100.0
472.0,42.5,1,1,0.0,315.0,262.0,0.0,0.0,1049.0,0.0,2.36,0.0,178.0,21.0,0.0,0,0,0.0,0.0,0,28,40.0,160.0,96.0
472.0,42.5,1,1,0.0,315.0,262.0,0.0,0.0,1049.0,0.0,2.36,0.0,178.0,21.0,0.0,0,0,2.0,0.2,6,28,40.0,160.0,136.0
472.0,42.5,1,1,0.0,315.0,262.0,0.0,0.0,1049.0,0.0,2.36,0.0,178.0,21.0,0.0,0,0,2.0,0.2,8,28,40.0,160.0,144.0
472.0,42.5,1,1,0.0,315.0,262.0,0.0,0.0,1049.0,0.0,2.36,0.0,178.0,21.0,0.0,0,0,2.0,0.2,10,28,40.0,160.0,130.0
472.0,42.5,1,1,0.0,315.0,262.0,0.0,0.0,1049.0,0.0,2.36,0.0,178.0,21.0,0.0,0,0,2.0,0.2,11,28,40.0,160.0,126.0
472.0,42.5,1,1,0.0,315.0,262.0,0.0,0.0,1049.0,0.0,2.36,0.0,178.0,21.0,0.0,0,0,2.0,0.2,13,28,40.0,160.0,122.0
950.0,52.5,1,0,0.0,0.0,255.0,0.0,0.0,873.0,0.0,0.6,0.0,189.0,31.0,0.0,0,0,2.5,0.2,13,7,40.0,40.0,105.0
941.5,52.5,1,0,0.0,0.0,255.0,9.5,0.0,873.0,0.0,0.6,0.0,189.0,31.0,0.0,0,0,2.5,0.2,13,7,40.0,40.0,108.0
932.0,52.5,1,0,0.0,0.0,255.0,19.0,0.0,873.0,0.0,0.6,0.0,189.0,31.0,0.0,0,0,2.5,0.2,13,7,40.0,40.0,112.0
921.5,52.5,1,0,0.0,0.0,255.0,28.5,0.0,873.0,0.0,0.6,0.0,189.0,31.0,0.0,0,0,2.5,0.2,13,7,40.0,40.0,118.0
912.0,52.5,1,0,0.0,0.0,255.0,38.0,0.0,873.0,0.0,0.6,0.0,189.0,31.0,0.0,0,0,2.5,0.2,13,7,40.0,40.0,115.0
950.0,52.5,1,0,0.0,0.0,255.0,0.0,0.0,873.0,0.0,0.6,0.0,189.0,31.0,0.0,0,0,2.5,0.2,13,28,40.0,40.0,136.0
941.5,52.5,1,0,0.0,0.0,255.0,9.5,0.0,873.0,0.0,0.6,0.0,189.0,31.0,0.0,0,0,2.5,0.2,13,28,40.0,40.0,139.0
932.0,52.5,1,0,0.0,0.0,255.0,19.0,0.0,873.0,0.0,0.6,0.0,189.0,31.0,0.0,0,0,2.5,0.2,13,28,40.0,40.0,141.0
921.5,52.5,1,0,0.0,0.0,255.0,28.5,0.0,873.0,0.0,0.6,0.0,189.0,31.0,0.0,0,0,2.5,0.2,13,28,40.0,40.0,143.0
912.0,52.5,1,0,0.0,0.0,255.0,38.0,0.0,873.0,0.0,0.6,0.0,189.0,31.0,0.0,0,0,2.5,0.2,13,28,40.0,40.0,142.0
950.0,52.5,1,0,0.0,0.0,255.0,0.0,0.0,873.0,0.0,0.6,0.0,189.0,31.0,0.0,0,0,2.5,0.2,13,90,40.0,40.0,141.0
941.5,52.5,1,0,0.0,0.0,255.0,9.5,0.0,873.0,0.0,0.6,0.0,189.0,31.0,0.0,0,0,2.5,0.2,13,90,40.0,40.0,142.0
932.0,52.5,1,0,0.0,0.0,255.0,19.0,0.0,873.0,0.0,0.6,0.0,189.0,31.0,0.0,0,0,2.5,0.2,13,90,40.0,40.0,143.0
921.5,52.5,1,0,0.0,0.0,255.0,28.5,0.0,873.0,0.0,0.6,0.0,189.0,31.0,0.0,0,0,2.5,0.2,13,90,40.0,40.0,147.0
912.0,52.5,1,0,0.0,0.0,255.0,38.0,0.0,873.0,0.0,0.6,0.0,189.0,31.0,0.0,0,0,2.5,0.2,13,90,40.0,40.0,144.0
612.4,52.5,1,0,0.0,0.0,0.0,0.0,262.5,1168.7,58.0,2.0,0.0,201.2,45.9,0.0,0,0,0.0,0.2,13,28,40.0,160.0,61.0
612.4,52.5,1,0,0.0,0.0,0.0,0.0,262.5,1168.7,58.0,2.0,0.0,201.2,45.9,0.1,15,8,0.0,0.2,13,28,40.0,160.0,61.0
612.4,52.5,1,0,0.0,0.0,0.0,0.0,262.5,1168.7,58.0,2.0,0.0,201.2,45.9,0.2,15,8,0.0,0.2,13,28,40.0,160.0,61.0
612.4,52.5,1,0,0.0,0.0,0.0,0.0,262.5,1168.7,58.0,2.0,0.0,201.2,45.9,0.3,15,8,0.0,0.2,13,28,40.0,160.0,61.0
612.4,52.5,1,0,0.0,0.0,0.0,0.0,262.5,1168.7,58.0,2.0,0.0,201.2,45.9,0.4,15,8,0.0,0.2,13,28,40.0,160.0,61.0
600.2,52.5,1,0,0.0,0.0,0.0,12.2,262.5,1168.7,58.0,2.0,0.0,201.2,45.9,0.0,0,0,0.0,0.2,13,28,40.0,160.0,63.0
600.2,52.5,1,0,0.0,0.0,0.0,12.2,262.5,1168.7,58.0,2.0,0.0,201.2,45.9,0.1,15,8,0.0,0.2,13,28,40.0,160.0,62.0
600.2,52.5,1,0,0.0,0.0,0.0,12.2,262.5,1168.7,58.0,2.0,0.0,201.2,45.9,0.2,15,8,0.0,0.2,13,28,40.0,160.0,62.0
600.2,52.5,1,0,0.0,0.0,0.0,12.2,262.5,1168.7,58.0,2.0,0.0,201.2,45.9,0.3,15,8,0.0,0.2,13,28,40.0,160.0,62.0
600.2,52.5,1,0,0.0,0.0,0.0,12.2,262.5,1168.7,58.0,2.0,0.0,201.2,45.9,0.4,15,8,0.0,0.2,13,28,40.0,160.0,62.0
588.0,52.5,1,0,0.0,0.0,0.0,24.4,262.5,1168.7,58.0,2.0,0.0,201.2,45.9,0.0,0,0,0.0,0.2,13,28,40.0,160.0,69.0
588.0,52.5,1,0,0.0,0.0,0.0,24.4,262.5,1168.7,58.0,2.0,0.0,201.2,45.9,0.1,15,8,0.0,0.2,13,28,40.0,160.0,69.0
588.0,52.5,1,0,0.0,0.0,0.0,24.4,262.5,1168.7,58.0,2.0,0.0,201.2,45.9,0.2,15,8,0.0,0.2,13,28,40.0,160.0,69.0
588.0,52.5,1,0,0.0,0.0,0.0,24.4,262.5,1168.7,58.0,2.0,0.0,201.2,45.9,0.3,15,8,0.0,0.2,13,28,40.0,160.0,69.0
588.0,52.5,1,0,0.0,0.0,0.0,24.4,262.5,1168.7,58.0,2.0,0.0,201.2,45.9,0.4,15,8,0.0,0.2,13,28,40.0,160.0,69.0
612.4,52.5,1,0,0.0,0.0,0.0,0.0,262.5,1168.7,58.0,2.0,0.0,201.2,45.9,0.0,0,0,2.0,0.2,13,28,40.0,160.0,104.0
612.4,52.5,1,0,0.0,0.0,0.0,0.0,262.5,1168.7,58.0,2.0,0.0,201.2,45.9,0.1,15,8,2.0,0.2,13,28,40.0,160.0,104.0
612.4,52.5,1,0,0.0,0.0,0.0,0.0,262.5,1168.7,58.0,2.0,0.0,201.2,45.9,0.2,15,8,2.0,0.2,13,28,40.0,160.0,104.0
612.4,52.5,1,0,0.0,0.0,0.0,0.0,262.5,1168.7,58.0,2.0,0.0,201.2,45.9,0.3,15,8,2.0,0.2,13,28,40.0,160.0,104.0
612.4,52.5,1,0,0.0,0.0,0.0,0.0,262.5,1168.7,58.0,2.0,0.0,201.2,45.9,0.4,15,8,2.0,0.2,13,28,40.0,160.0,104.0
600.2,52.5,1,0,0.0,0.0,0.0,12.2,262.5,1168.7,58.0,2.0,0.0,201.2,45.9,0.0,0,0,2.0,0.2,13,28,40.0,160.0,108.0
600.2,52.5,1,0,0.0,0.0,0.0,12.2,262.5,1168.7,58.0,2.0,0.0,201.2,45.9,0.1,15,8,2.0,0.2,13,28,40.0,160.0,108.0
600.2,52.5,1,0,0.0,0.0,0.0,12.2,262.5,1168.7,58.0,2.0,0.0,201.2,45.9,0.2,15,8,2.0,0.2,13,28,40.0,160.0,108.0
600.2,52.5,1,0,0.0,0.0,0.0,12.2,262.5,1168.7,58.0,2.0,0.0,201.2,45.9,0.3,15,8,2.0,0.2,13,28,40.0,160.0,108.0
600.2,52.5,1,0,0.0,0.0,0.0,12.2,262.5,1168.7,58.0,2.0,0.0,201.2,45.9,0.4,15,8,2.0,0.2,13,28,40.0,160.0,108.0
588.0,52.5,1,0,0.0,0.0,0.0,24.4,262.5,1168.7,58.0,2.0,0.0,201.2,45.9,0.0,0,0,2.0,0.2,13,28,40.0,160.0,114.0
588.0,52.5,1,0,0.0,0.0,0.0,24.4,262.5,1168.7,58.0,2.0,0.0,201.2,45.9,0.1,15,8,2.0,0.2,13,28,40.0,160.0,114.0
588.0,52.5,1,0,0.0,0.0,0.0,24.4,262.5,1168.7,58.0,2.0,0.0,201.2,45.9,0.2,15,8,2.0,0.2,13,28,40.0,160.0,114.0
588.0,52.5,1,0,0.0,0.0,0.0,24.4,262.5,1168.7,58.0,2.0,0.0,201.2,45.9,0.3,15,8,2.0,0.2,13,28,40.0,160.0,114.0
588.0,52.5,1,0,0.0,0.0,0.0,24.4,262.5,1168.7,58.0,2.0,0.0,201.2,45.9,0.4,15,8,2.0,0.2,13,28,40.0,160.0,114.0
612.4,52.5,1,0,0.0,0.0,0.0,24.4,262.5,1168.7,58.0,2.0,0.0,201.2,45.9,0.0,0,0,0.0,0.0,0,1,40.0,160.0,75.8
612.4,52.5,1,0,0.0,0.0,0.0,24.4,262.5,1168.7,58.0,2.0,0.0,201.2,45.9,0.0,0,0,0.0,0.0,0,1,40.0,160.0,63.3
600.2,52.5,1,0,0.0,0.0,0.0,24.4,262.5,1168.7,58.0,2.0,0.0,201.2,45.9,0.0,0,0,0.0,0.0,0,1,40.0,160.0,69.6
588.0,52.5,1,0,0.0,0.0,0.0,24.4,262.5,1168.7,58.0,2.0,0.0,201.2,45.9,0.0,0,0,2.0,0.2,13,28,40.0,160.0,102.9
600.0,52.5,1,0,0.0,0.0,0.0,24.4,262.5,1168.7,58.0,2.0,0.0,201.2,45.9,0.4,15,8,0.0,0.0,0,1,40.0,160.0,62.9
600.0,52.5,1,0,0.0,0.0,0.0,24.4,262.5,1168.7,58.0,2.0,0.0,201.2,45.9,0.0,0,0,2.0,0.2,13,28,40.0,160.0,113.9
600.0,52.5,1,0,0.0,0.0,0.0,24.4,262.5,1168.7,58.0,2.0,0.0,201.2,45.9,0.4,15,8,0.0,0.0,0,1,40.0,160.0,67.8
600.0,52.5,1,0,0.0,0.0,0.0,24.4,262.5,1168.7,58.0,2.0,0.0,201.2,45.9,0.4,15,8,2.0,0.2,13,28,40.0,160.0,101.9
600.0,52.5,1,0,0.0,0.0,0.0,24.4,262.5,1168.7,58.0,2.0,0.0,201.2,45.9,0.4,15,8,2.0,0.2,13,28,40.0,160.0,112.4
1277.4,52.5,2,1,0.0,0.0,95.8,0.0,0.0,664.6,0.0,0.5,0.0,198.0,42.15,0.0,0,0,3.0,0.16,13,56,40.0,160.0,217.0
594.2,52.5,1,0,0.0,0.0,0.0,24.8,265.3,1282.3,0.0,2.0,0.0,176.9,44.2,0.0,0,0,0.0,0.0,0,7,40.0,160.0,85.92
594.2,52.5,1,0,0.0,0.0,0.0,24.8,265.3,1282.3,0.0,2.0,0.0,176.9,44.2,0.0,0,0,2.0,0.2,13,7,40.0,160.0,113.79
594.2,52.5,1,0,0.0,0.0,0.0,24.8,265.3,1282.3,0.0,2.0,0.0,176.9,44.2,0.0,0,0,2.0,0.19,12,7,40.0,160.0,117.5
594.2,52.5,1,0,0.0,0.0,0.0,24.8,265.3,1282.3,0.0,2.0,0.0,176.9,44.2,0.0,0,0,2.0,0.18,9,7,40.0,160.0,114.72
594.2,52.5,1,0,0.0,0.0,0.0,24.8,265.3,1282.3,0.0,2.0,0.0,176.9,44.2,0.0,0,0,2.0,0.17,7,7,40.0,160.0,112.63
594.2,52.5,1,0,0.0,0.0,0.0,24.8,265.3,1282.3,0.0,2.0,0.0,176.9,44.2,0.0,0,0,2.0,0.16,6,7,40.0,160.0,111.93
594.2,52.5,1,0,0.0,0.0,0.0,24.8,265.3,1282.3,0.0,2.0,0.0,176.9,44.2,0.0,0,0,0.0,0.0,0,28,40.0,160.0,98.69
594.2,52.5,1,0,0.0,0.0,0.0,24.8,265.3,1282.3,0.0,2.0,0.0,176.9,44.2,0.0,0,0,2.0,0.2,13,28,40.0,160.0,139.56
594.2,52.5,1,0,0.0,0.0,0.0,24.8,265.3,1282.3,0.0,2.0,0.0,176.9,44.2,0.0,0,0,2.0,0.19,12,28,40.0,160.0,141.89
594.2,52.5,1,0,0.0,0.0,0.0,24.8,265.3,1282.3,0.0,2.0,0.0,176.9,44.2,0.0,0,0,2.0,0.18,9,28,40.0,160.0,129.58
594.2,52.5,1,0,0.0,0.0,0.0,24.8,265.3,1282.3,0.0,2.0,0.0,176.9,44.2,0.0,0,0,2.0,0.17,7,28,40.0,160.0,124.93
594.2,52.5,1,0,0.0,0.0,0.0,24.8,265.3,1282.3,0.0,2.0,0.0,176.9,44.2,0.0,0,0,2.0,0.16,6,28,40.0,160.0,120.75
800.0,52.5,1,0,0.0,750.0,150.0,0.0,0.0,500.0,0.0,0.18,0.0,230.0,25.0,2.0,20,18,0.0,0.0,0,28,70.7,70.7,121.5
800.0,52.5,1,0,0.0,750.0,150.0,0.0,0.0,500.0,0.0,0.18,0.0,230.0,25.0,2.0,20,18,0.0,0.0,0,28,100.0,100.0,112.69
1050.0,52.5,1,1,0.0,0.0,275.0,275.0,0.0,730.0,0.0,0.5,730.0,190.0,35.0,0.0,0,0,6.0,0.2,10,8,110.0,220.0,133.43
1050.0,52.5,1,1,0.0,0.0,275.0,275.0,0.0,730.0,0.0,0.5,730.0,190.0,35.0,0.0,0,0,6.0,0.2,10,15,110.0,220.0,147.97
1050.0,52.5,1,1,0.0,0.0,275.0,275.0,0.0,730.0,0.0,0.5,730.0,190.0,35.0,0.0,0,0,6.0,0.2,10,28,110.0,220.0,168.02
1050.0,52.5,1,1,0.0,0.0,275.0,275.0,0.0,730.0,0.0,0.5,730.0,190.0,35.0,0.0,0,0,6.0,0.2,10,90,110.0,220.0,174.13
1050.0,52.5,1,1,0.0,0.0,275.0,275.0,0.0,730.0,0.0,0.5,730.0,190.0,35.0,0.0,0,0,6.0,0.2,10,365,110.0,220.0,178.49
591.9,52.5,1,0,264.3,0.0,24.7,0.0,0.0,1277.2,0.0,1.25,0.0,159.3,44.0,0.0,0,0,0.0,0.0,0,28,40.0,160.0,109.79
591.9,52.5,1,0,264.3,0.0,24.7,0.0,0.0,1277.2,0.0,1.25,0.0,159.3,44.0,0.0,0,0,0.0,0.0,0,91,40.0,160.0,109.79
606.4,52.5,1,0,0.0,270.7,25.3,0.0,0.0,1308.5,0.0,1.25,0.0,163.2,45.1,0.0,0,0,0.0,0.0,0,28,40.0,160.0,118.39
606.4,52.5,1,0,0.0,270.7,25.3,0.0,0.0,1308.5,0.0,1.25,0.0,163.2,45.1,0.0,0,0,0.0,0.0,0,91,40.0,160.0,118.39
602.8,52.5,1,0,0.0,0.0,25.1,0.0,269.1,1300.8,0.0,1.25,0.0,162.2,44.9,0.0,0,0,0.0,0.0,0,28,40.0,160.0,107.93
602.8,52.5,1,0,0.0,0.0,25.1,0.0,269.1,1300.8,0.0,1.25,0.0,162.2,44.9,0.0,0,0,0.0,0.0,0,91,40.0,160.0,107.93
883.9,52.5,1,0,0.0,0.0,25.5,0.0,0.0,1318.5,0.0,1.25,0.0,164.4,45.5,0.0,0,0,0.0,0.0,0,28,40.0,160.0,121.95
883.9,52.5,1,0,0.0,0.0,25.5,0.0,0.0,1318.5,0.0,1.25,0.0,164.4,45.5,0.0,0,0,0.0,0.0,0,91,40.0,160.0,121.95
657.0,52.5,1,1,0.0,429.8,119.4,0.0,0.0,1050.0,0.0,0.3,0.0,180.93,12.66,0.0,0,0,2.0,0.2,13,7,50.0,50.0,100.0
657.0,52.5,1,1,0.0,429.8,119.4,0.0,0.0,1050.0,0.0,0.3,0.0,180.93,12.66,0.0,0,0,2.0,0.2,13,28,50.0,50.0,123.0
657.0,52.5,1,1,0.0,429.8,119.4,0.0,0.0,1050.0,0.0,0.3,0.0,180.93,12.66,0.0,0,0,2.0,0.2,13,56,50.0,50.0,135.0
657.0,52.5,1,1,0.0,429.8,119.4,0.0,0.0,1050.0,0.0,0.3,0.0,180.93,12.66,0.0,0,0,2.0,0.2,13,91,50.0,50.0,139.0
960.0,42.5,2,0,0.0,0.0,240.0,0.0,0.0,960.0,0.0,0.1,0.0,174.0,24.0,0.0,0,0,8.0,0.18,13,1,40.0,160.0,33.46
960.0,42.5,2,0,0.0,0.0,240.0,0.0,0.0,960.0,0.0,0.1,0.0,174.0,24.0,0.0,0,0,8.0,0.18,13,3,40.0,160.0,72.73
960.0,42.5,2,0,0.0,0.0,240.0,0.0,0.0,960.0,0.0,0.1,0.0,174.0,24.0,0.0,0,0,8.0,0.18,13,7,40.0,160.0,82.06
960.0,42.5,2,0,0.0,0.0,240.0,0.0,0.0,960.0,0.0,0.1,0.0,174.0,24.0,0.0,0,0,8.0,0.18,13,28,40.0,160.0,110.32
960.0,42.5,2,0,0.0,0.0,240.0,0.0,0.0,960.0,0.0,0.1,0.0,207.0,24.0,0.0,0,0,8.0,0.18,13,1,40.0,160.0,35.76
960.0,42.5,2,0,0.0,0.0,240.0,0.0,0.0,960.0,0.0,0.1,0.0,207.0,24.0,0.0,0,0,8.0,0.18,13,3,40.0,160.0,85.78
960.0,42.5,2,0,0.0,0.0,240.0,0.0,0.0,960.0,0.0,0.1,0.0,207.0,24.0,0.0,0,0,8.0,0.18,13,7,40.0,160.0,119.69
960.0,42.5,2,0,0.0,0.0,240.0,0.0,0.0,960.0,0.0,0.1,0.0,207.0,24.0,0.0,0,0,8.0,0.18,13,28,40.0,160.0,156.14
960.0,42.5,2,0,0.0,0.0,240.0,0.0,0.0,960.0,0.0,0.1,0.0,228.0,24.0,0.0,0,0,8.0,0.18,13,1,40.0,160.0,42.0
960.0,42.5,2,0,0.0,0.0,240.0,0.0,0.0,960.0,0.0,0.1,0.0,228.0,24.0,0.0,0,0,8.0,0.18,13,3,40.0,160.0,78.74
960.0,42.5,2,0,0.0,0.0,240.0,0.0,0.0,960.0,0.0,0.1,0.0,228.0,24.0,0.0,0,0,8.0,0.18,13,7,40.0,160.0,104.73
960.0,42.5,2,0,0.0,0.0,240.0,0.0,0.0,960.0,0.0,0.1,0.0,228.0,24.0,0.0,0,0,8.0,0.18,13,28,40.0,160.0,141.47
960.0,42.5,2,0,0.0,0.0,240.0,0.0,0.0,960.0,0.0,0.1,0.0,260.0,24.0,0.0,0,0,8.0,0.18,13,1,40.0,160.0,35.82
960.0,42.5,2,0,0.0,0.0,240.0,0.0,0.0,960.0,0.0,0.1,0.0,260.0,24.0,0.0,0,0,8.0,0.18,13,3,40.0,160.0,79.05
960.0,42.5,2,0,0.0,0.0,240.0,0.0,0.0,960.0,0.0,0.1,0.0,260.0,24.0,0.0,0,0,8.0,0.18,13,7,40.0,160.0,109.29
960.0,42.5,2,0,0.0,0.0,240.0,0.0,0.0,960.0,0.0,0.1,0.0,260.0,24.0,0.0,0,0,8.0,0.18,13,28,40.0,160.0,141.78
960.0,42.5,2,0,0.0,0.0,240.0,0.0,0.0,960.0,0.0,0.1,0.0,286.0,24.0,0.0,0,0,8.0,0.18,13,1,40.0,160.0,33.31
960.0,42.5,2,0,0.0,0.0,240.0,0.0,0.0,960.0,0.0,0.1,0.0,286.0,24.0,0.0,0,0,8.0,0.18,13,3,40.0,160.0,69.2
960.0,42.5,2,0,0.0,0.0,240.0,0.0,0.0,960.0,0.0,0.1,0.0,286.0,24.0,0.0,0,0,8.0,0.18,13,7,40.0,160.0,101.98
960.0,42.5,2,0,0.0,0.0,240.0,0.0,0.0,960.0,0.0,0.1,0.0,286.0,24.0,0.0,0,0,8.0,0.18,13,28,40.0,160.0,137.86
960.0,52.5,1,0,250.0,0.0,0.0,0.0,0.0,960.0,0.0,1.0,0.0,164.0,28.0,0.0,0,0,8.0,0.18,13,1,40.0,160.0,68.84
960.0,52.5,1,0,250.0,0.0,0.0,0.0,0.0,960.0,0.0,1.0,0.0,174.0,28.0,0.0,0,0,8.0,0.18,13,1,40.0,160.0,66.21
960.0,52.5,1,0,250.0,0.0,0.0,0.0,0.0,960.0,0.0,1.0,0.0,183.0,28.0,0.0,0,0,8.0,0.18,13,1,40.0,160.0,47.75
960.0,52.5,1,0,250.0,0.0,0.0,0.0,0.0,960.0,0.0,1.0,0.0,193.0,28.0,0.0,0,0,8.0,0.18,13,1,40.0,160.0,60.5
960.0,52.5,1,0,250.0,0.0,0.0,0.0,0.0,960.0,0.0,1.0,0.0,202.0,28.0,0.0,0,0,8.0,0.18,13,1,40.0,160.0,51.9
960.0,52.5,1,0,250.0,0.0,0.0,0.0,0.0,960.0,0.0,1.0,0.0,212.0,28.0,0.0,0,0,8.0,0.18,13,1,40.0,160.0,54.2
960.0,52.5,1,0,0.0,0.0,250.0,0.0,0.0,960.0,0.0,1.0,0.0,212.0,28.0,0.0,0,0,8.0,0.18,13,1,40.0,160.0,75.44
960.0,52.5,1,0,250.0,0.0,0.0,0.0,0.0,960.0,0.0,1.0,0.0,164.0,28.0,0.0,0,0,8.0,0.18,13,3,40.0,160.0,88.4
960.0,52.5,1,0,250.0,0.0,0.0,0.0,0.0,960.0,0.0,1.0,0.0,174.0,28.0,0.0,0,0,8.0,0.18,13,3,40.0,160.0,82.8
960.0,52.5,1,0,250.0,0.0,0.0,0.0,0.0,960.0,0.0,1.0,0.0,183.0,28.0,0.0,0,0,8.0,0.18,13,3,40.0,160.0,80.08
960.0,52.5,1,0,250.0,0.0,0.0,0.0,0.0,960.0,0.0,1.0,0.0,193.0,28.0,0.0,0,0,8.0,0.18,13,3,40.0,160.0,84.2
960.0,52.5,1,0,250.0,0.0,0.0,0.0,0.0,960.0,0.0,1.0,0.0,202.0,28.0,0.0,0,0,8.0,0.18,13,3,40.0,160.0,77.65
960.0,52.5,1,0,250.0,0.0,0.0,0.0,0.0,960.0,0.0,1.0,0.0,212.0,28.0,0.0,0,0,8.0,0.18,13,3,40.0,160.0,78.67
960.0,52.5,1,0,0.0,0.0,250.0,0.0,0.0,960.0,0.0,1.0,0.0,212.0,28.0,0.0,0,0,8.0,0.18,13,3,40.0,160.0,89.1
960.0,52.5,1,0,250.0,0.0,0.0,0.0,0.0,960.0,0.0,1.0,0.0,164.0,28.0,0.0,0,0,8.0,0.18,13,28,40.0,160.0,121.4
960.0,52.5,1,0,250.0,0.0,0.0,0.0,0.0,960.0,0.0,1.0,0.0,174.0,28.0,0.0,0,0,8.0,0.18,13,28,40.0,160.0,118.25
960.0,52.5,1,0,250.0,0.0,0.0,0.0,0.0,960.0,0.0,1.0,0.0,183.0,28.0,0.0,0,0,8.0,0.18,13,28,40.0,160.0,113.72
960.0,52.5,1,0,250.0,0.0,0.0,0.0,0.0,960.0,0.0,1.0,0.0,193.0,28.0,0.0,0,0,8.0,0.18,13,28,40.0,160.0,119.79
960.0,52.5,1,0,250.0,0.0,0.0,0.0,0.0,960.0,0.0,1.0,0.0,202.0,28.0,0.0,0,0,8.0,0.18,13,28,40.0,160.0,116.2
960.0,52.5,1,0,250.0,0.0,0.0,0.0,0.0,960.0,0.0,1.0,0.0,212.0,28.0,0.0,0,0,8.0,0.18,13,28,40.0,160.0,114.89
960.0,52.5,1,0,0.0,0.0,250.0,0.0,0.0,960.0,0.0,1.0,0.0,212.0,28.0,0.0,0,0,8.0,0.18,13,28,40.0,160.0,123.39
670.5,52.5,1,1,0.0,0.0,74.5,0.0,0.0,500.0,990.0,16.0,0.0,178.0,20.0,0.0,25,12,0.0,0.0,0,28,100.0,100.0,148.06
670.5,52.5,1,1,0.0,0.0,74.5,0.0,0.0,500.0,990.0,16.0,0.0,178.0,20.0,0.5,25,12,0.0,0.0,0,28,100.0,100.0,142.15
670.5,52.5,1,1,0.0,0.0,74.5,0.0,0.0,500.0,990.0,16.0,0.0,178.0,20.0,1.0,25,12,0.0,0.0,0,28,100.0,100.0,131.9
670.5,52.5,1,1,0.0,0.0,74.5,0.0,0.0,500.0,990.0,16.0,0.0,178.0,20.0,1.5,25,12,0.0,0.0,0,28,100.0,100.0,130.11
670.5,52.5,1,1,0.0,0.0,74.5,0.0,0.0,500.0,990.0,16.0,0.0,178.0,20.0,2.0,25,12,0.0,0.0,0,28,100.0,100.0,129.2
670.5,52.5,1,1,0.0,0.0,74.5,0.0,0.0,500.0,990.0,16.0,0.0,178.0,20.0,0.0,0,0,0.5,1.0,50,28,100.0,100.0,144.13
670.5,52.5,1,1,0.0,0.0,74.5,0.0,0.0,500.0,990.0,16.0,0.0,178.0,20.0,0.0,0,0,1.0,1.0,50,28,100.0,100.0,144.51
670.5,52.5,1,1,0.0,0.0,74.5,0.0,0.0,500.0,990.0,16.0,0.0,178.0,20.0,0.0,0,0,1.5,1.0,50,28,100.0,100.0,147.5
670.5,52.5,1,1,0.0,0.0,74.5,0.0,0.0,500.0,990.0,16.0,0.0,178.0,20.0,0.0,0,0,2.0,1.0,50,28,100.0,100.0,147.89
670.5,52.5,1,1,0.0,0.0,74.5,0.0,0.0,500.0,990.0,16.0,0.0,178.0,20.0,0.0,25,12,0.0,0.0,0,56,100.0,100.0,150.65
670.5,52.5,1,1,0.0,0.0,74.5,0.0,0.0,500.0,990.0,16.0,0.0,178.0,20.0,0.5,25,12,0.0,0.0,0,56,100.0,100.0,143.66
670.5,52.5,1,1,0.0,0.0,74.5,0.0,0.0,500.0,990.0,16.0,0.0,178.0,20.0,1.0,25,12,0.0,0.0,0,56,100.0,100.0,133.41
670.5,52.5,1,1,0.0,0.0,74.5,0.0,0.0,500.0,990.0,16.0,0.0,178.0,20.0,1.5,25,12,0.0,0.0,0,56,100.0,100.0,130.75
670.5,52.5,1,1,0.0,0.0,74.5,0.0,0.0,500.0,990.0,16.0,0.0,178.0,20.0,2.0,25,12,0.0,0.0,0,56,100.0,100.0,129.62
670.5,52.5,1,1,0.0,0.0,74.5,0.0,0.0,500.0,990.0,16.0,0.0,178.0,20.0,0.0,0,0,0.5,1.0,50,56,100.0,100.0,144.76
670.5,52.5,1,1,0.0,0.0,74.5,0.0,0.0,500.0,990.0,16.0,0.0,178.0,20.0,0.0,0,0,1.0,1.0,50,56,100.0,100.0,150.14
670.5,52.5,1,1,0.0,0.0,74.5,0.0,0.0,500.0,990.0,16.0,0.0,178.0,20.0,0.0,0,0,1.5,1.0,50,56,100.0,100.0,153.13
670.5,52.5,1,1,0.0,0.0,74.5,0.0,0.0,500.0,990.0,16.0,0.0,178.0,20.0,0.0,0,0,2.0,1.0,50,56,100.0,100.0,155.91
670.5,52.5,1,1,0.0,0.0,74.5,0.0,0.0,500.0,990.0,16.0,0.0,178.0,20.0,0.0,25,12,0.0,0.0,0,730,100.0,100.0,153.68
670.5,52.5,1,1,0.0,0.0,74.5,0.0,0.0,500.0,990.0,16.0,0.0,178.0,20.0,0.5,25,12,0.0,0.0,0,730,100.0,100.0,153.84
670.5,52.5,1,1,0.0,0.0,74.5,0.0,0.0,500.0,990.0,16.0,0.0,178.0,20.0,1.0,25,12,0.0,0.0,0,730,100.0,100.0,157.49
670.5,52.5,1,1,0.0,0.0,74.5,0.0,0.0,500.0,990.0,16.0,0.0,178.0,20.0,1.5,25,12,0.0,0.0,0,730,100.0,100.0,158.52
670.5,52.5,1,1,0.0,0.0,74.5,0.0,0.0,500.0,990.0,16.0,0.0,178.0,20.0,2.0,25,12,0.0,0.0,0,730,100.0,100.0,160.43
670.5,52.5,1,1,0.0,0.0,74.5,0.0,0.0,500.0,990.0,16.0,0.0,178.0,20.0,0.0,0,0,0.5,1.0,50,730,100.0,100.0,148.01
670.5,52.5,1,1,0.0,0.0,74.5,0.0,0.0,500.0,990.0,16.0,0.0,178.0,20.0,0.0,0,0,1.0,1.0,50,730,100.0,100.0,170.75
670.5,52.5,1,1,0.0,0.0,74.5,0.0,0.0,500.0,990.0,16.0,0.0,178.0,20.0,0.0,0,0,1.5,1.0,50,730,100.0,100.0,176.56
670.5,52.5,1,1,0.0,0.0,74.5,0.0,0.0,500.0,990.0,16.0,0.0,178.0,20.0,0.0,0,0,2.0,1.0,50,730,100.0,100.0,178.9
1051.0,52.5,1,1,0.0,0.0,273.0,0.0,0.0,733.0,0.0,0.5,0.0,165.0,35.0,0.0,0,0,17.0,0.2,10,28,50.0,50.0,160.0
657.0,52.5,1,1,0.0,418.0,119.0,0.0,0.0,1013.0,0.0,1.0,0.0,185.0,40.0,0.0,0,0,2.0,0.2,13,1,50.0,100.0,21.6
657.0,52.5,1,1,0.0,418.0,119.0,0.0,0.0,1013.0,0.0,1.0,0.0,185.0,40.0,0.0,0,0,2.0,0.2,13,2,50.0,100.0,63.09
657.0,52.5,1,1,0.0,418.0,119.0,0.0,0.0,1013.0,0.0,1.0,0.0,185.0,40.0,0.0,0,0,2.0,0.2,13,3,50.0,100.0,79.28
657.0,52.5,1,1,0.0,418.0,119.0,0.0,0.0,1013.0,0.0,1.0,0.0,185.0,40.0,0.0,0,0,2.0,0.2,13,5,50.0,100.0,98.03
657.0,52.5,1,1,0.0,418.0,119.0,0.0,0.0,1013.0,0.0,1.0,0.0,185.0,40.0,0.0,0,0,2.0,0.2,13,7,50.0,100.0,108.53
657.0,52.5,1,1,0.0,418.0,119.0,0.0,0.0,1013.0,0.0,1.0,0.0,185.0,40.0,0.0,0,0,2.0,0.2,13,14,50.0,100.0,123.29
657.0,52.5,1,1,0.0,418.0,119.0,0.0,0.0,1013.0,0.0,1.0,0.0,185.0,40.0,0.0,0,0,2.0,0.2,13,28,50.0,100.0,135.21
657.0,52.5,1,1,0.0,418.0,119.0,0.0,0.0,1013.0,0.0,1.0,0.0,185.0,40.0,0.0,0,0,2.0,0.2,13,60,50.0,100.0,150.82
657.0,52.5,1,1,0.0,418.0,119.0,0.0,0.0,1013.0,0.0,1.0,0.0,185.0,40.0,0.0,0,0,2.0,0.2,13,120,50.0,100.0,157.05
657.0,52.5,1,1,0.0,418.0,119.0,0.0,0.0,1013.0,0.0,1.0,0.0,185.0,40.0,0.0,0,0,2.0,0.2,13,150,50.0,100.0,159.88
657.0,52.5,1,1,0.0,418.0,119.0,0.0,0.0,1013.0,0.0,1.0,0.0,185.0,40.0,0.0,0,0,2.0,0.2,13,180,50.0,100.0,162.15
657.0,52.5,1,1,0.0,418.0,119.0,0.0,0.0,1013.0,0.0,1.0,0.0,185.0,40.0,0.0,0,0,2.0,0.2,13,360,50.0,100.0,170.37
1079.0,42.5,1,1,0.0,0.0,0.0,0.0,0.0,1000.0,79.0,2.36,0.0,177.0,21.6,0.0,0,0,2.0,0.2,13,1,40.0,160.0,64.13
971.0,42.5,1,1,0.0,0.0,108.0,0.0,0.0,1000.0,79.0,2.36,0.0,177.0,21.6,0.0,0,0,2.0,0.2,13,1,40.0,160.0,64.6
917.0,42.5,1,1,0.0,0.0,162.0,0.0,0.0,1000.0,79.0,2.36,0.0,177.0,21.6,0.0,0,0,2.0,0.2,13,1,40.0,160.0,72.35
863.0,42.5,1,1,0.0,0.0,216.0,0.0,0.0,1000.0,79.0,2.36,0.0,177.0,21.6,0.0,0,0,2.0,0.2,13,1,40.0,160.0,71.17
809.0,42.5,1,1,0.0,0.0,270.0,0.0,0.0,1000.0,79.0,2.36,0.0,177.0,21.6,0.0,0,0,2.0,0.2,13,1,40.0,160.0,67.65
1079.0,42.5,1,1,0.0,0.0,0.0,0.0,0.0,1000.0,79.0,2.36,0.0,177.0,21.6,0.0,0,0,2.0,0.2,13,3,40.0,160.0,74.23
971.0,42.5,1,1,0.0,0.0,108.0,0.0,0.0,1000.0,79.0,2.36,0.0,177.0,21.6,0.0,0,0,2.0,0.2,13,3,40.0,160.0,80.81
917.0,42.5,1,1,0.0,0.0,162.0,0.0,0.0,1000.0,79.0,2.36,0.0,177.0,21.6,0.0,0,0,2.0,0.2,13,3,40.0,160.0,81.04
863.0,42.5,1,1,0.0,0.0,216.0,0.0,0.0,1000.0,79.0,2.36,0.0,177.0,21.6,0.0,0,0,2.0,0.2,13,3,40.0,160.0,82.45
809.0,42.5,1,1,0.0,0.0,270.0,0.0,0.0,1000.0,79.0,2.36,0.0,177.0,21.6,0.0,0,0,2.0,0.2,13,3,40.0,160.0,74.93
1079.0,42.5,1,1,0.0,0.0,0.0,0.0,0.0,1000.0,79.0,2.36,0.0,177.0,21.6,0.0,0,0,2.0,0.2,13,7,40.0,160.0,84.33
971.0,42.5,1,1,0.0,0.0,108.0,0.0,0.0,1000.0,79.0,2.36,0.0,177.0,21.6,0.0,0,0,2.0,0.2,13,7,40.0,160.0,97.72
917.0,42.5,1,1,0.0,0.0,162.0,0.0,0.0,1000.0,79.0,2.36,0.0,177.0,21.6,0.0,0,0,2.0,0.2,13,7,40.0,160.0,98.89
863.0,42.5,1,1,0.0,0.0,216.0,0.0,0.0,1000.0,79.0,2.36,0.0,177.0,21.6,0.0,0,0,2.0,0.2,13,7,40.0,160.0,102.42
809.0,42.5,1,1,0.0,0.0,270.0,0.0,0.0,1000.0,79.0,2.36,0.0,177.0,21.6,0.0,0,0,2.0,0.2,13,7,40.0,160.0,94.9
1079.0,42.5,1,1,0.0,0.0,0.0,0.0,0.0,1000.0,79.0,2.36,0.0,177.0,21.6,0.0,0,0,2.0,0.2,13,28,40.0,160.0,89.73
971.0,42.5,1,1,0.0,0.0,108.0,0.0,0.0,1000.0,79.0,2.36,0.0,177.0,21.6,0.0,0,0,2.0,0.2,13,28,40.0,160.0,106.41
917.0,42.5,1,1,0.0,0.0,162.0,0.0,0.0,1000.0,79.0,2.36,0.0,177.0,21.6,0.0,0,0,2.0,0.2,13,28,40.0,160.0,104.3
863.0,42.5,1,1,0.0,0.0,216.0,0.0,0.0,1000.0,79.0,2.36,0.0,177.0,21.6,0.0,0,0,2.0,0.2,13,28,40.0,160.0,115.34
809.0,42.5,1,1,0.0,0.0,270.0,0.0,0.0,1000.0,79.0,2.36,0.0,177.0,21.6,0.0,0,0,2.0,0.2,13,28,40.0,160.0,112.05
1079.0,42.5,1,1,0.0,0.0,0.0,0.0,0.0,1000.0,79.0,2.36,0.0,177.0,21.6,0.0,0,0,2.0,0.2,13,91,40.0,160.0,101.48
971.0,42.5,1,1,0.0,0.0,108.0,0.0,0.0,1000.0,79.0,2.36,0.0,177.0,21.6,0.0,0,0,2.0,0.2,13,91,40.0,160.0,125.67
917.0,42.5,1,1,0.0,0.0,162.0,0.0,0.0,1000.0,79.0,2.36,0.0,177.0,21.6,0.0,0,0,2.0,0.2,13,91,40.0,160.0,122.15
863.0,42.5,1,1,0.0,0.0,216.0,0.0,0.0,1000.0,79.0,2.36,0.0,177.0,21.6,0.0,0,0,2.0,0.2,13,91,40.0,160.0,124.97
809.0,42.5,1,1,0.0,0.0,270.0,0.0,0.0,1000.0,79.0,2.36,0.0,177.0,21.6,0.0,0,0,2.0,0.2,13,91,40.0,160.0,126.61
1251.2,52.5,1,1,0.0,0.0,291.3,0.0,0.0,407.8,0.0,1.0,0.0,201.4,28.2,0.0,0,0,0.0,0.0,0,1,40.0,160.0,27.76
1251.2,52.5,1,1,0.0,0.0,291.3,0.0,0.0,407.8,0.0,1.0,0.0,201.4,28.2,0.0,0,0,0.0,0.0,0,3,40.0,160.0,111.87
1251.2,52.5,1,1,0.0,0.0,291.3,0.0,0.0,407.8,0.0,1.0,0.0,201.4,28.2,0.0,0,0,0.0,0.0,0,7,40.0,160.0,124.21
1251.2,52.5,1,1,0.0,0.0,291.3,0.0,0.0,407.8,0.0,1.0,0.0,201.4,28.2,0.0,0,0,0.0,0.0,0,14,40.0,160.0,140.47
1251.2,52.5,1,1,0.0,0.0,291.3,0.0,0.0,407.8,0.0,1.0,0.0,201.4,28.2,0.0,0,0,0.0,0.0,0,28,40.0,160.0,146.92
1251.2,52.5,1,1,0.0,0.0,291.3,0.0,0.0,407.8,0.0,1.0,0.0,201.4,28.2,0.0,0,0,0.0,0.0,0,56,40.0,160.0,155.05
825.8,52.5,1,1,0.0,0.0,192.3,0.0,486.2,444.4,0.0,1.0,0.0,201.4,10.5,0.0,0,0,0.0,0.0,0,1,40.0,160.0,82.43
825.8,52.5,1,1,0.0,0.0,192.3,0.0,486.2,444.4,0.0,1.0,0.0,201.4,10.5,0.0,0,0,0.0,0.0,0,3,40.0,160.0,115.79
825.8,52.5,1,1,0.0,0.0,192.3,0.0,486.2,444.4,0.0,1.0,0.0,201.4,10.5,0.0,0,0,0.0,0.0,0,7,40.0,160.0,136.26
825.8,52.5,1,1,0.0,0.0,192.3,0.0,486.2,444.4,0.0,1.0,0.0,201.4,10.5,0.0,0,0,0.0,0.0,0,14,40.0,160.0,147.2
825.8,52.5,1,1,0.0,0.0,192.3,0.0,486.2,444.4,0.0,1.0,0.0,201.4,10.5,0.0,0,0,0.0,0.0,0,28,40.0,160.0,165.98
825.8,52.5,1,1,0.0,0.0,192.3,0.0,486.2,444.4,0.0,1.0,0.0,201.4,10.5,0.0,0,0,0.0,0.0,0,56,40.0,160.0,178.6
575.6,52.5,1,1,0.0,0.0,134.0,0.0,772.2,455.7,0.0,1.0,0.0,201.4,5.1,0.0,0,0,0.0,0.0,0,1,40.0,160.0,68.69
575.6,52.5,1,1,0.0,0.0,134.0,0.0,772.2,455.7,0.0,1.0,0.0,201.4,5.1,0.0,0,0,0.0,0.0,0,3,40.0,160.0,98.69
575.6,52.5,1,1,0.0,0.0,134.0,0.0,772.2,455.7,0.0,1.0,0.0,201.4,5.1,0.0,0,0,0.0,0.0,0,7,40.0,160.0,120.28
575.6,52.5,1,1,0.0,0.0,134.0,0.0,772.2,455.7,0.0,1.0,0.0,201.4,5.1,0.0,0,0,0.0,0.0,0,14,40.0,160.0,142.15
575.6,52.5,1,1,0.0,0.0,134.0,0.0,772.2,455.7,0.0,1.0,0.0,201.4,5.1,0.0,0,0,0.0,0.0,0,28,40.0,160.0,154.49
575.6,52.5,1,1,0.0,0.0,134.0,0.0,772.2,455.7,0.0,1.0,0.0,201.4,5.1,0.0,0,0,0.0,0.0,0,56,40.0,160.0,169.63
325.3,52.5,1,1,0.0,0.0,75.7,0.0,1058.2,455.4,0.0,1.0,0.0,201.4,5.2,0.0,0,0,0.0,0.0,0,1,40.0,160.0,33.36
325.3,52.5,1,1,0.0,0.0,75.7,0.0,1058.2,455.4,0.0,1.0,0.0,201.4,5.2,0.0,0,0,0.0,0.0,0,3,40.0,160.0,53.83
325.3,52.5,1,1,0.0,0.0,75.7,0.0,1058.2,455.4,0.0,1.0,0.0,201.4,5.2,0.0,0,0,0.0,0.0,0,7,40.0,160.0,75.14
325.3,52.5,1,1,0.0,0.0,75.7,0.0,1058.2,455.4,0.0,1.0,0.0,201.4,5.2,0.0,0,0,0.0,0.0,0,14,40.0,160.0,97.57
325.3,52.5,1,1,0.0,0.0,75.7,0.0,1058.2,455.4,0.0,1.0,0.0,201.4,5.2,0.0,0,0,0.0,0.0,0,28,40.0,160.0,112.71
325.3,52.5,1,1,0.0,0.0,75.7,0.0,1058.2,455.4,0.0,1.0,0.0,201.4,5.2,0.0,0,0,0.0,0.0,0,56,40.0,160.0,122.24
960.0,52.5,1,1,0.0,0.0,144.0,0.0,0.0,717.0,300.0,3.0,115.0,163.0,34.0,0.0,0,0,2.0,0.18,13,7,70.7,70.7,98.42
768.0,52.5,1,1,0.0,192.0,144.0,0.0,0.0,717.0,300.0,3.0,115.0,163.0,34.0,0.0,0,0,2.0,0.18,13,7,70.7,70.7,101.03
576.0,52.5,1,1,0.0,384.0,144.0,0.0,0.0,717.0,300.0,3.0,115.0,163.0,34.0,0.0,0,0,2.0,0.18,13,7,70.7,70.7,95.96
384.0,52.5,1,1,0.0,576.0,144.0,0.0,0.0,717.0,300.0,3.0,115.0,163.0,34.0,0.0,0,0,2.0,0.18,13,7,70.7,70.7,85.96
192.0,52.5,1,1,0.0,768.0,144.0,0.0,0.0,717.0,300.0,3.0,115.0,163.0,34.0,0.0,0,0,2.0,0.18,13,7,70.7,70.7,63.36
960.0,52.5,1,1,0.0,0.0,144.0,0.0,0.0,717.0,300.0,3.0,115.0,163.0,34.0,0.0,0,0,2.0,0.18,13,28,70.7,70.7,116.23
768.0,52.5,1,1,0.0,192.0,144.0,0.0,0.0,717.0,300.0,3.0,115.0,163.0,34.0,0.0,0,0,2.0,0.18,13,28,70.7,70.7,121.58
576.0,52.5,1,1,0.0,384.0,144.0,0.0,0.0,717.0,300.0,3.0,115.0,163.0,34.0,0.0,0,0,2.0,0.18,13,28,70.7,70.7,118.42
384.0,52.5,1,1,0.0,576.0,144.0,0.0,0.0,717.0,300.0,3.0,115.0,163.0,34.0,0.0,0,0,2.0,0.18,13,28,70.7,70.7,110.62
192.0,52.5,1,1,0.0,768.0,144.0,0.0,0.0,717.0,300.0,3.0,115.0,163.0,34.0,0.0,0,0,2.0,0.18,13,28,70.7,70.7,101.66
960.0,52.5,1,1,0.0,0.0,144.0,0.0,0.0,717.0,300.0,3.0,115.0,163.0,34.0,0.0,0,0,2.0,0.18,13,56,70.7,70.7,124.18
768.0,52.5,1,1,0.0,192.0,144.0,0.0,0.0,717.0,300.0,3.0,115.0,163.0,34.0,0.0,0,0,2.0,0.18,13,56,70.7,70.7,132.53
576.0,52.5,1,1,0.0,384.0,144.0,0.0,0.0,717.0,300.0,3.0,115.0,163.0,34.0,0.0,0,0,2.0,0.18,13,56,70.7,70.7,130.75
384.0,52.5,1,1,0.0,576.0,144.0,0.0,0.0,717.0,300.0,3.0,115.0,163.0,34.0,0.0,0,0,2.0,0.18,13,56,70.7,70.7,113.63
192.0,52.5,1,1,0.0,768.0,144.0,0.0,0.0,717.0,300.0,3.0,115.0,163.0,34.0,0.0,0,0,2.0,0.18,13,56,70.7,70.7,102.78
960.0,52.5,1,1,0.0,0.0,144.0,0.0,0.0,717.0,300.0,3.0,115.0,163.0,34.0,0.0,0,0,2.0,0.18,13,90,70.7,70.7,129.11
768.0,52.5,1,1,0.0,192.0,144.0,0.0,0.0,717.0,300.0,3.0,115.0,163.0,34.0,0.0,0,0,2.0,0.18,13,90,70.7,70.7,138.56
576.0,52.5,1,1,0.0,384.0,144.0,0.0,0.0,717.0,300.0,3.0,115.0,163.0,34.0,0.0,0,0,2.0,0.18,13,90,70.7,70.7,134.31
384.0,52.5,1,1,0.0,576.0,144.0,0.0,0.0,717.0,300.0,3.0,115.0,163.0,34.0,0.0,0,0,2.0,0.18,13,90,70.7,70.7,113.9
192.0,52.5,1,1,0.0,768.0,144.0,0.0,0.0,717.0,300.0,3.0,115.0,163.0,34.0,0.0,0,0,2.0,0.18,13,90,70.7,70.7,105.82
946.0,52.5,1,1,166.0,0.0,71.0,0.0,47.0,430.0,430.0,6.3,0.0,166.0,15.38,0.0,0,0,0.0,0.0,0,3,50.0,100.0,120.33
784.0,52.5,1,1,0.0,0.0,157.0,0.0,235.0,412.0,411.0,6.3,0.0,171.0,17.05,0.0,0,0,0.0,0.0,0,3,50.0,100.0,108.25
937.0,52.5,1,1,164.0,0.0,70.0,0.0,47.0,425.0,426.0,6.3,0.0,164.0,15.83,0.0,0,0,1.0,0.2,13,3,50.0,100.0,102.84
777.0,52.5,1,1,0.0,0.0,155.0,0.0,233.0,408.0,408.0,6.3,0.0,169.0,17.48,0.0,0,0,1.0,0.2,13,3,50.0,100.0,100.33
946.0,52.5,1,1,166.0,0.0,71.0,0.0,47.0,430.0,430.0,6.3,0.0,166.0,15.38,0.0,0,0,0.0,0.0,0,14,50.0,100.0,130.49
784.0,52.5,1,1,0.0,0.0,157.0,0.0,235.0,412.0,411.0,6.3,0.0,171.0,17.05,0.0,0,0,0.0,0.0,0,14,50.0,100.0,123.34
937.0,52.5,1,1,164.0,0.0,70.0,0.0,47.0,425.0,426.0,6.3,0.0,164.0,15.83,0.0,0,0,1.0,0.2,13,14,50.0,100.0,117.64
777.0,52.5,1,1,0.0,0.0,155.0,0.0,233.0,408.0,408.0,6.3,0.0,169.0,17.48,0.0,0,0,1.0,0.2,13,14,50.0,100.0,110.2
946.0,52.5,1,1,166.0,0.0,71.0,0.0,47.0,430.0,430.0,6.3,0.0,166.0,15.38,0.0,0,0,0.0,0.0,0,28,50.0,100.0,144.42
784.0,52.5,1,1,0.0,0.0,157.0,0.0,235.0,412.0,411.0,6.3,0.0,171.0,17.05,0.0,0,0,0.0,0.0,0,28,50.0,100.0,148.87
937.0,52.5,1,1,164.0,0.0,70.0,0.0,47.0,425.0,426.0,6.3,0.0,164.0,15.83,0.0,0,0,1.0,0.2,13,28,50.0,100.0,127.81
777.0,52.5,1,1,0.0,0.0,155.0,0.0,233.0,408.0,408.0,6.3,0.0,169.0,17.48,0.0,0,0,1.0,0.2,13,28,50.0,100.0,134.57
946.0,52.5,1,1,166.0,0.0,71.0,0.0,47.0,430.0,430.0,6.3,0.0,166.0,15.38,0.0,0,0,0.0,0.0,0,90,50.0,100.0,159.52
784.0,52.5,1,1,0.0,0.0,157.0,0.0,235.0,412.0,411.0,6.3,0.0,171.0,17.05,0.0,0,0,0.0,0.0,0,90,50.0,100.0,165.7
937.0,52.5,1,1,164.0,0.0,70.0,0.0,47.0,425.0,426.0,6.3,0.0,164.0,15.83,0.0,0,0,1.0,0.2,13,90,50.0,100.0,150.14
777.0,52.5,1,1,0.0,0.0,155.0,0.0,233.0,408.0,408.0,6.3,0.0,169.0,17.48,0.0,0,0,1.0,0.2,13,90,50.0,100.0,150.82
700.0,52.5,2,1,150.0,0.0,50.0,0.0,0.0,1104.0,0.0,1.25,0.0,180.0,30.0,0.0,0,0,0.0,0.2,13,28,40.0,160.0,106.4
700.0,52.5,2,1,150.0,0.0,50.0,0.0,0.0,1104.0,0.0,1.25,0.0,180.0,30.0,0.0,0,0,0.5,0.2,13,28,40.0,160.0,116.16
700.0,52.5,2,1,150.0,0.0,50.0,0.0,0.0,1104.0,0.0,1.25,0.0,180.0,30.0,0.0,0,0,1.0,0.2,13,28,40.0,160.0,143.77
700.0,52.5,2,1,150.0,0.0,50.0,0.0,0.0,1104.0,0.0,1.25,0.0,180.0,30.0,0.0,0,0,1.5,0.2,13,28,40.0,160.0,158.92
700.0,52.5,2,1,150.0,0.0,50.0,0.0,0.0,1104.0,0.0,1.25,0.0,180.0,30.0,0.0,0,0,2.0,0.2,13,28,40.0,160.0,162.29
700.0,52.5,2,1,150.0,0.0,50.0,0.0,0.0,1104.0,0.0,1.25,0.0,180.0,30.0,0.0,0,0,2.5,0.2,13,28,40.0,160.0,164.98
700.0,52.5,2,1,150.0,0.0,50.0,0.0,0.0,1104.0,0.0,1.25,0.0,180.0,30.0,0.0,0,0,0.0,0.2,13,7,40.0,160.0,95.29
700.0,52.5,2,1,150.0,0.0,50.0,0.0,0.0,1104.0,0.0,1.25,0.0,180.0,30.0,0.0,0,0,0.5,0.2,13,7,40.0,160.0,97.64
700.0,52.5,2,1,150.0,0.0,50.0,0.0,0.0,1104.0,0.0,1.25,0.0,180.0,30.0,0.0,0,0,1.0,0.2,13,7,40.0,160.0,100.0
700.0,52.5,2,1,150.0,0.0,50.0,0.0,0.0,1104.0,0.0,1.25,0.0,180.0,30.0,0.0,0,0,1.5,0.2,13,7,40.0,160.0,117.51
700.0,52.5,2,1,150.0,0.0,50.0,0.0,0.0,1104.0,0.0,1.25,0.0,180.0,30.0,0.0,0,0,2.0,0.2,13,7,40.0,160.0,119.53
700.0,52.5,2,1,150.0,0.0,50.0,0.0,0.0,1104.0,0.0,1.25,0.0,180.0,30.0,0.0,0,0,2.5,0.2,13,7,40.0,160.0,122.56
700.0,52.5,2,1,150.0,0.0,50.0,0.0,0.0,1104.0,0.0,1.25,0.0,180.0,30.0,0.0,0,0,0.0,0.2,13,1,40.0,160.0,57.91
700.0,52.5,2,1,150.0,0.0,50.0,0.0,0.0,1104.0,0.0,1.25,0.0,180.0,30.0,0.0,0,0,0.5,0.2,13,1,40.0,160.0,68.01
700.0,52.5,2,1,150.0,0.0,50.0,0.0,0.0,1104.0,0.0,1.25,0.0,180.0,30.0,0.0,0,0,1.0,0.2,13,1,40.0,160.0,77.1
700.0,52.5,2,1,150.0,0.0,50.0,0.0,0.0,1104.0,0.0,1.25,0.0,180.0,30.0,0.0,0,0,1.5,0.2,13,1,40.0,160.0,82.15
700.0,52.5,2,1,150.0,0.0,50.0,0.0,0.0,1104.0,0.0,1.25,0.0,180.0,30.0,0.0,0,0,2.0,0.2,13,1,40.0,160.0,87.54
700.0,52.5,2,1,150.0,0.0,50.0,0.0,0.0,1104.0,0.0,1.25,0.0,180.0,30.0,0.0,0,0,2.5,0.2,13,1,40.0,160.0,91.58
680.27,42.5,1,1,0.0,0.0,119.73,0.0,0.0,1462.59,0.0,0.6,0.0,160.0,9.59,0.0,0,0,0.0,0.0,0,28,50.0,50.0,63.25
640.0,42.5,1,1,0.0,0.0,160.0,0.0,0.0,1446.4,0.0,0.6,0.0,160.0,9.6,0.0,0,0,0.0,0.0,0,28,50.0,50.0,58.22
600.15,42.5,1,1,0.0,0.0,199.85,0.0,0.0,1434.36,0.0,0.6,0.0,160.0,9.6,0.0,0,0,0.0,0.0,0,28,50.0,50.0,60.78
680.27,42.5,1,1,0.0,0.0,119.73,0.0,0.0,1503.4,0.0,0.6,0.0,144.0,9.59,0.0,0,0,0.0,0.0,0,28,50.0,50.0,69.91
680.27,42.5,1,1,0.0,0.0,119.73,0.0,0.0,1421.77,0.0,0.6,0.0,176.0,9.59,0.0,0,0,0.0,0.0,0,28,50.0,50.0,57.01
680.27,42.5,1,1,0.0,0.0,119.73,0.0,0.0,1462.59,0.0,0.6,0.0,160.0,11.22,0.0,0,0,0.0,0.0,0,28,50.0,50.0,64.64
680.27,42.5,1,1,0.0,0.0,119.73,0.0,0.0,1469.39,0.0,0.6,0.0,160.0,8.03,0.0,0,0,0.0,0.0,0,28,50.0,50.0,60.44
765.31,42.5,1,1,0.0,0.0,134.69,0.0,0.0,1316.33,0.0,0.6,0.0,180.0,10.79,0.0,0,0,0.0,0.0,0,28,50.0,50.0,66.84
720.0,42.5,1,1,0.0,0.0,180.0,0.0,0.0,1303.2,0.0,0.6,0.0,180.0,10.8,0.0,0,0,0.0,0.0,0,28,50.0,50.0,69.72
675.17,42.5,1,1,0.0,0.0,224.83,0.0,0.0,1289.57,0.0,0.6,0.0,180.0,10.8,0.0,0,0,0.0,0.0,0,28,50.0,50.0,65.0
720.0,42.5,1,1,0.0,0.0,180.0,0.0,0.0,1353.6,0.0,0.6,0.0,162.0,10.8,0.0,0,0,0.0,0.0,0,28,50.0,50.0,72.91
720.0,42.5,1,1,0.0,0.0,180.0,0.0,0.0,1260.0,0.0,0.6,0.0,198.0,10.8,0.0,0,0,0.0,0.0,0,28,50.0,50.0,64.89
720.0,42.5,1,1,0.0,0.0,180.0,0.0,0.0,1296.0,0.0,0.6,0.0,180.0,12.6,0.0,0,0,0.0,0.0,0,28,50.0,50.0,71.12
720.0,42.5,1,1,0.0,0.0,180.0,0.0,0.0,1310.4,0.0,0.6,0.0,180.0,9.0,0.0,0,0,0.0,0.0,0,28,50.0,50.0,68.66
850.34,42.5,1,1,0.0,0.0,149.66,0.0,0.0,1173.47,0.0,0.6,0.0,200.0,11.99,0.0,0,0,0.0,0.0,0,28,50.0,50.0,72.97
800.0,42.5,1,1,0.0,0.0,200.0,0.0,0.0,1160.0,0.0,0.6,0.0,200.0,12.0,0.0,0,0,0.0,0.0,0,28,50.0,50.0,73.63
750.19,42.5,1,1,0.0,0.0,249.81,0.0,0.0,1140.29,0.0,0.6,0.0,200.0,12.0,0.0,0,0,0.0,0.0,0,28,50.0,50.0,68.6
850.34,42.5,1,1,0.0,0.0,149.66,0.0,0.0,1224.49,0.0,0.6,0.0,180.0,11.99,0.0,0,0,0.0,0.0,0,28,50.0,50.0,75.57
850.34,42.5,1,1,0.0,0.0,149.66,0.0,0.0,1122.45,0.0,0.6,0.0,220.0,11.99,0.0,0,0,0.0,0.0,0,28,50.0,50.0,69.63
850.34,42.5,1,1,0.0,0.0,149.66,0.0,0.0,1173.47,0.0,0.6,0.0,200.0,14.03,0.0,0,0,0.0,0.0,0,28,50.0,50.0,74.13
850.34,42.5,1,1,0.0,0.0,149.66,0.0,0.0,1181.97,0.0,0.6,0.0,200.0,10.03,0.0,0,0,0.0,0.0,0,28,50.0,50.0,70.62
680.27,42.5,1,1,0.0,0.0,119.73,0.0,0.0,1462.59,0.0,0.6,0.0,160.0,9.59,0.0,0,0,0.0,0.0,0,7,50.0,50.0,119.55
640.0,42.5,1,1,0.0,0.0,160.0,0.0,0.0,1446.4,0.0,0.6,0.0,160.0,9.6,0.0,0,0,0.0,0.0,0,7,50.0,50.0,113.88
600.15,42.5,1,1,0.0,0.0,199.85,0.0,0.0,1434.36,0.0,0.6,0.0,160.0,9.6,0.0,0,0,0.0,0.0,0,7,50.0,50.0,106.64
680.27,42.5,1,1,0.0,0.0,119.73,0.0,0.0,1503.4,0.0,0.6,0.0,144.0,9.59,0.0,0,0,0.0,0.0,0,7,50.0,50.0,124.5
680.27,42.5,1,1,0.0,0.0,119.73,0.0,0.0,1421.77,0.0,0.6,0.0,176.0,9.59,0.0,0,0,0.0,0.0,0,7,50.0,50.0,109.87
680.27,42.5,1,1,0.0,0.0,119.73,0.0,0.0,1462.59,0.0,0.6,0.0,160.0,11.22,0.0,0,0,0.0,0.0,0,7,50.0,50.0,122.37
680.27,42.5,1,1,0.0,0.0,119.73,0.0,0.0,1469.39,0.0,0.6,0.0,160.0,8.03,0.0,0,0,0.0,0.0,0,7,50.0,50.0,112.95
765.31,42.5,1,1,0.0,0.0,134.69,0.0,0.0,1316.33,0.0,0.6,0.0,180.0,10.79,0.0,0,0,0.0,0.0,0,7,50.0,50.0,123.46
720.0,42.5,1,1,0.0,0.0,180.0,0.0,0.0,1303.2,0.0,0.6,0.0,180.0,10.8,0.0,0,0,0.0,0.0,0,7,50.0,50.0,125.38
675.17,42.5,1,1,0.0,0.0,224.83,0.0,0.0,1289.57,0.0,0.6,0.0,180.0,10.8,0.0,0,0,0.0,0.0,0,7,50.0,50.0,124.46
720.0,42.5,1,1,0.0,0.0,180.0,0.0,0.0,1353.6,0.0,0.6,0.0,162.0,10.8,0.0,0,0,0.0,0.0,0,7,50.0,50.0,129.25
720.0,42.5,1,1,0.0,0.0,180.0,0.0,0.0,1260.0,0.0,0.6,0.0,198.0,10.8,0.0,0,0,0.0,0.0,0,7,50.0,50.0,124.01
720.0,42.5,1,1,0.0,0.0,180.0,0.0,0.0,1296.0,0.0,0.6,0.0,180.0,12.6,0.0,0,0,0.0,0.0,0,7,50.0,50.0,128.85
720.0,42.5,1,1,0.0,0.0,180.0,0.0,0.0,1310.4,0.0,0.6,0.0,180.0,9.0,0.0,0,0,0.0,0.0,0,7,50.0,50.0,127.09
850.34,42.5,1,1,0.0,0.0,149.66,0.0,0.0,1173.47,0.0,0.6,0.0,200.0,11.99,0.0,0,0,0.0,0.0,0,7,50.0,50.0,128.95
800.0,42.5,1,1,0.0,0.0,200.0,0.0,0.0,1160.0,0.0,0.6,0.0,200.0,12.0,0.0,0,0,0.0,0.0,0,7,50.0,50.0,128.34
750.19,42.5,1,1,0.0,0.0,249.81,0.0,0.0,1140.29,0.0,0.6,0.0,200.0,12.0,0.0,0,0,0.0,0.0,0,7,50.0,50.0,125.52
850.34,42.5,1,1,0.0,0.0,149.66,0.0,0.0,1224.49,0.0,0.6,0.0,180.0,11.99,0.0,0,0,0.0,0.0,0,7,50.0,50.0,133.99
850.34,42.5,1,1,0.0,0.0,149.66,0.0,0.0,1122.45,0.0,0.6,0.0,220.0,11.99,0.0,0,0,0.0,0.0,0,7,50.0,50.0,123.53
850.34,42.5,1,1,0.0,0.0,149.66,0.0,0.0,1173.47,0.0,0.6,0.0,200.0,14.03,0.0,0,0,0.0,0.0,0,7,50.0,50.0,131.16
850.34,42.5,1,1,0.0,0.0,149.66,0.0,0.0,1181.97,0.0,0.6,0.0,200.0,10.03,0.0,0,0,0.0,0.0,0,7,50.0,50.0,128.35
800.0,42.5,1,0,0.0,0.0,0.0,0.0,0.0,1471.3,0.0,2.5,0.0,160.0,21.6,0.0,0,0,0.0,0.0,0,1,50.0,50.0,75.73
796.0,42.5,1,0,0.0,0.0,0.0,4.0,0.0,1461.1,0.0,2.5,0.0,160.0,25.2,0.0,0,0,0.0,0.0,0,1,50.0,50.0,62.16
792.0,42.5,1,0,0.0,0.0,0.0,8.0,0.0,1450.8,0.0,2.5,0.0,160.0,28.8,0.0,0,0,0.0,0.0,0,1,50.0,50.0,56.52
784.0,42.5,1,0,0.0,0.0,0.0,16.0,0.0,1430.2,0.0,2.5,0.0,160.0,36.0,0.0,0,0,0.0,0.0,0,1,50.0,50.0,55.46
776.0,42.5,1,0,0.0,0.0,0.0,24.0,0.0,1409.7,0.0,2.5,0.0,160.0,43.2,0.0,0,0,0.0,0.0,0,1,50.0,50.0,51.49
800.0,42.5,1,0,0.0,0.0,0.0,0.0,0.0,1471.3,0.0,2.5,0.0,160.0,21.6,0.0,0,0,0.0,0.0,0,3,50.0,50.0,92.36
796.0,42.5,1,0,0.0,0.0,0.0,4.0,0.0,1461.1,0.0,2.5,0.0,160.0,25.2,0.0,0,0,0.0,0.0,0,3,50.0,50.0,87.55
792.0,42.5,1,0,0.0,0.0,0.0,8.0,0.0,1450.8,0.0,2.5,0.0,160.0,28.8,0.0,0,0,0.0,0.0,0,3,50.0,50.0,85.67
784.0,42.5,1,0,0.0,0.0,0.0,16.0,0.0,1430.2,0.0,2.5,0.0,160.0,36.0,0.0,0,0,0.0,0.0,0,3,50.0,50.0,80.02
776.0,42.5,1,0,0.0,0.0,0.0,24.0,0.0,1409.7,0.0,2.5,0.0,160.0,43.2,0.0,0,0,0.0,0.0,0,3,50.0,50.0,78.13
800.0,42.5,1,0,0.0,0.0,0.0,0.0,0.0,1471.3,0.0,2.5,0.0,160.0,21.6,0.0,0,0,0.0,0.0,0,7,50.0,50.0,98.14
796.0,42.5,1,0,0.0,0.0,0.0,4.0,0.0,1461.1,0.0,2.5,0.0,160.0,25.2,0.0,0,0,0.0,0.0,0,7,50.0,50.0,99.18
792.0,42.5,1,0,0.0,0.0,0.0,8.0,0.0,1450.8,0.0,2.5,0.0,160.0,28.8,0.0,0,0,0.0,0.0,0,7,50.0,50.0,99.58
784.0,42.5,1,0,0.0,0.0,0.0,16.0,0.0,1430.2,0.0,2.5,0.0,160.0,36.0,0.0,0,0,0.0,0.0,0,7,50.0,50.0,99.78
776.0,42.5,1,0,0.0,0.0,0.0,24.0,0.0,1409.7,0.0,2.5,0.0,160.0,43.2,0.0,0,0,0.0,0.0,0,7,50.0,50.0,96.64
800.0,42.5,1,0,0.0,0.0,0.0,0.0,0.0,1471.3,0.0,2.5,0.0,160.0,21.6,0.0,0,0,0.0,0.0,0,14,50.0,50.0,104.34
796.0,42.5,1,0,0.0,0.0,0.0,4.0,0.0,1461.1,0.0,2.5,0.0,160.0,25.2,0.0,0,0,0.0,0.0,0,14,50.0,50.0,105.58
792.0,42.5,1,0,0.0,0.0,0.0,8.0,0.0,1450.8,0.0,2.5,0.0,160.0,28.8,0.0,0,0,0.0,0.0,0,14,50.0,50.0,107.45
784.0,42.5,1,0,0.0,0.0,0.0,16.0,0.0,1430.2,0.0,2.5,0.0,160.0,36.0,0.0,0,0,0.0,0.0,0,14,50.0,50.0,109.32
776.0,42.5,1,0,0.0,0.0,0.0,24.0,0.0,1409.7,0.0,2.5,0.0,160.0,43.2,0.0,0,0,0.0,0.0,0,14,50.0,50.0,102.84
800.0,42.5,1,0,0.0,0.0,0.0,0.0,0.0,1471.3,0.0,2.5,0.0,160.0,21.6,0.0,0,0,0.0,0.0,0,28,50.0,50.0,108.86
796.0,42.5,1,0,0.0,0.0,0.0,4.0,0.0,1461.1,0.0,2.5,0.0,160.0,25.2,0.0,0,0,0.0,0.0,0,28,50.0,50.0,110.73
792.0,42.5,1,0,0.0,0.0,0.0,8.0,0.0,1450.8,0.0,2.5,0.0,160.0,28.8,0.0,0,0,0.0,0.0,0,28,50.0,50.0,116.98
784.0,42.5,1,0,0.0,0.0,0.0,16.0,0.0,1430.2,0.0,2.5,0.0,160.0,36.0,0.0,0,0,0.0,0.0,0,28,50.0,50.0,120.31
776.0,42.5,1,0,0.0,0.0,0.0,24.0,0.0,1409.7,0.0,2.5,0.0,160.0,43.2,0.0,0,0,0.0,0.0,0,28,50.0,50.0,114.04
800.0,42.5,1,0,0.0,0.0,0.0,0.0,0.0,1471.3,0.0,2.5,0.0,160.0,21.6,0.0,0,0,0.0,0.0,0,56,50.0,50.0,114.43
796.0,42.5,1,0,0.0,0.0,0.0,4.0,0.0,1461.1,0.0,2.5,0.0,160.0,25.2,0.0,0,0,0.0,0.0,0,56,50.0,50.0,116.51
792.0,42.5,1,0,0.0,0.0,0.0,8.0,0.0,1450.8,0.0,2.5,0.0,160.0,28.8,0.0,0,0,0.0,0.0,0,56,50.0,50.0,120.26
784.0,42.5,1,0,0.0,0.0,0.0,16.0,0.0,1430.2,0.0,2.5,0.0,160.0,36.0,0.0,0,0,0.0,0.0,0,56,50.0,50.0,123.79
776.0,42.5,1,0,0.0,0.0,0.0,24.0,0.0,1409.7,0.0,2.5,0.0,160.0,43.2,0.0,0,0,0.0,0.0,0,56,50.0,50.0,118.36
800.0,42.5,1,0,0.0,0.0,0.0,0.0,0.0,1471.3,0.0,2.5,0.0,160.0,21.6,0.0,0,0,0.0,0.0,0,90,50.0,50.0,121.26
796.0,42.5,1,0,0.0,0.0,0.0,4.0,0.0,1461.1,0.0,2.5,0.0,160.0,25.2,0.0,0,0,0.0,0.0,0,90,50.0,50.0,123.54
792.0,42.5,1,0,0.0,0.0,0.0,8.0,0.0,1450.8,0.0,2.5,0.0,160.0,28.8,0.0,0,0,0.0,0.0,0,90,50.0,50.0,130.63
784.0,42.5,1,0,0.0,0.0,0.0,16.0,0.0,1430.2,0.0,2.5,0.0,160.0,36.0,0.0,0,0,0.0,0.0,0,90,50.0,50.0,134.37
776.0,42.5,1,0,0.0,0.0,0.0,24.0,0.0,1409.7,0.0,2.5,0.0,160.0,43.2,0.0,0,0,0.0,0.0,0,90,50.0,50.0,129.15
720.0,42.5,1,0,0.0,0.0,80.0,0.0,0.0,1422.9,0.0,2.5,0.0,160.0,29.6,0.0,0,0,0.0,0.0,0,1,50.0,50.0,81.82
716.0,42.5,1,0,0.0,0.0,80.0,4.0,0.0,1411.6,0.0,2.5,0.0,160.0,33.6,0.0,0,0,0.0,0.0,0,1,50.0,50.0,77.64
712.0,42.5,1,0,0.0,0.0,80.0,8.0,0.0,1400.3,0.0,2.5,0.0,160.0,37.6,0.0,0,0,0.0,0.0,0,1,50.0,50.0,69.12
704.0,42.5,1,0,0.0,0.0,80.0,16.0,0.0,1379.8,0.0,2.5,0.0,160.0,44.8,0.0,0,0,0.0,0.0,0,1,50.0,50.0,61.56
696.0,43.5,1,0,0.0,0.0,80.0,24.0,0.0,1359.2,0.0,2.5,0.0,160.0,52.0,0.0,0,0,0.0,0.0,0,1,50.0,50.0,56.42
720.0,42.5,1,0,0.0,0.0,80.0,0.0,0.0,1422.9,0.0,2.5,0.0,160.0,29.6,0.0,0,0,0.0,0.0,0,3,50.0,50.0,91.17
716.0,42.5,1,0,0.0,0.0,80.0,4.0,0.0,1411.6,0.0,2.5,0.0,160.0,33.6,0.0,0,0,0.0,0.0,0,3,50.0,50.0,88.12
712.0,42.5,1,0,0.0,0.0,80.0,8.0,0.0,1400.3,0.0,2.5,0.0,160.0,37.6,0.0,0,0,0.0,0.0,0,3,50.0,50.0,86.19
704.0,42.5,1,0,0.0,0.0,80.0,16.0,0.0,1379.8,0.0,2.5,0.0,160.0,44.8,0.0,0,0,0.0,0.0,0,3,50.0,50.0,85.07
696.0,43.5,1,0,0.0,0.0,80.0,24.0,0.0,1359.2,0.0,2.5,0.0,160.0,52.0,0.0,0,0,0.0,0.0,0,3,50.0,50.0,84.11
720.0,42.5,1,0,0.0,0.0,80.0,0.0,0.0,1422.9,0.0,2.5,0.0,160.0,29.6,0.0,0,0,0.0,0.0,0,7,50.0,50.0,104.38
716.0,42.5,1,0,0.0,0.0,80.0,4.0,0.0,1411.6,0.0,2.5,0.0,160.0,33.6,0.0,0,0,0.0,0.0,0,7,50.0,50.0,105.19
712.0,42.5,1,0,0.0,0.0,80.0,8.0,0.0,1400.3,0.0,2.5,0.0,160.0,37.6,0.0,0,0,0.0,0.0,0,7,50.0,50.0,105.99
704.0,42.5,1,0,0.0,0.0,80.0,16.0,0.0,1379.8,0.0,2.5,0.0,160.0,44.8,0.0,0,0,0.0,0.0,0,7,50.0,50.0,106.96
696.0,43.5,1,0,0.0,0.0,80.0,24.0,0.0,1359.2,0.0,2.5,0.0,160.0,52.0,0.0,0,0,0.0,0.0,0,7,50.0,50.0,102.14
720.0,42.5,1,0,0.0,0.0,80.0,0.0,0.0,1422.9,0.0,2.5,0.0,160.0,29.6,0.0,0,0,0.0,0.0,0,14,50.0,50.0,115.98
716.0,42.5,1,0,0.0,0.0,80.0,4.0,0.0,1411.6,0.0,2.5,0.0,160.0,33.6,0.0,0,0,0.0,0.0,0,14,50.0,50.0,118.23
712.0,42.5,1,0,0.0,0.0,80.0,8.0,0.0,1400.3,0.0,2.5,0.0,160.0,37.6,0.0,0,0,0.0,0.0,0,14,50.0,50.0,123.06
704.0,42.5,1,0,0.0,0.0,80.0,16.0,0.0,1379.8,0.0,2.5,0.0,160.0,44.8,0.0,0,0,0.0,0.0,0,14,50.0,50.0,125.8
696.0,43.5,1,0,0.0,0.0,80.0,24.0,0.0,1359.2,0.0,2.5,0.0,160.0,52.0,0.0,0,0,0.0,0.0,0,14,50.0,50.0,119.21
720.0,42.5,1,0,0.0,0.0,80.0,0.0,0.0,1422.9,0.0,2.5,0.0,160.0,29.6,0.0,0,0,0.0,0.0,0,28,50.0,50.0,120.99
716.0,42.5,1,0,0.0,0.0,80.0,4.0,0.0,1411.6,0.0,2.5,0.0,160.0,33.6,0.0,0,0,0.0,0.0,0,28,50.0,50.0,125.17
712.0,42.5,1,0,0.0,0.0,80.0,8.0,0.0,1400.3,0.0,2.5,0.0,160.0,37.6,0.0,0,0,0.0,0.0,0,28,50.0,50.0,130.16
704.0,42.5,1,0,0.0,0.0,80.0,16.0,0.0,1379.8,0.0,2.5,0.0,160.0,44.8,0.0,0,0,0.0,0.0,0,28,50.0,50.0,131.93
696.0,43.5,1,0,0.0,0.0,80.0,24.0,0.0,1359.2,0.0,2.5,0.0,160.0,52.0,0.0,0,0,0.0,0.0,0,28,50.0,50.0,127.43
720.0,42.5,1,0,0.0,0.0,80.0,0.0,0.0,1422.9,0.0,2.5,0.0,160.0,29.6,0.0,0,0,0.0,0.0,0,56,50.0,50.0,124.55
716.0,42.5,1,0,0.0,0.0,80.0,4.0,0.0,1411.6,0.0,2.5,0.0,160.0,33.6,0.0,0,0,0.0,0.0,0,56,50.0,50.0,128.89
712.0,42.5,1,0,0.0,0.0,80.0,8.0,0.0,1400.3,0.0,2.5,0.0,160.0,37.6,0.0,0,0,0.0,0.0,0,56,50.0,50.0,135.17
704.0,42.5,1,0,0.0,0.0,80.0,16.0,0.0,1379.8,0.0,2.5,0.0,160.0,44.8,0.0,0,0,0.0,0.0,0,56,50.0,50.0,137.42
696.0,43.5,1,0,0.0,0.0,80.0,24.0,0.0,1359.2,0.0,2.5,0.0,160.0,52.0,0.0,0,0,0.0,0.0,0,56,50.0,50.0,131.64
720.0,42.5,1,0,0.0,0.0,80.0,0.0,0.0,1422.9,0.0,2.5,0.0,160.0,29.6,0.0,0,0,0.0,0.0,0,90,50.0,50.0,130.2
716.0,42.5,1,0,0.0,0.0,80.0,4.0,0.0,1411.6,0.0,2.5,0.0,160.0,33.6,0.0,0,0,0.0,0.0,0,90,50.0,50.0,133.1
712.0,42.5,1,0,0.0,0.0,80.0,8.0,0.0,1400.3,0.0,2.5,0.0,160.0,37.6,0.0,0,0,0.0,0.0,0,90,50.0,50.0,137.6
704.0,42.5,1,0,0.0,0.0,80.0,16.0,0.0,1379.8,0.0,2.5,0.0,160.0,44.8,0.0,0,0,0.0,0.0,0,90,50.0,50.0,141.47
696.0,43.5,1,0,0.0,0.0,80.0,24.0,0.0,1359.2,0.0,2.5,0.0,160.0,52.0,0.0,0,0,0.0,0.0,0,90,50.0,50.0,138.42
741.0,52.5,1,1,0.0,0.0,185.0,0.0,0.0,815.0,0.0,0.85,259.0,185.0,9.0,0.0,0,0,2.0,0.2,13,1,50.0,50.0,19.67
741.0,52.5,1,1,0.0,0.0,185.0,0.0,194.25,815.0,0.0,0.85,-1229.0,185.0,9.0,0.0,0,0,2.0,0.2,13,1,50.0,50.0,24.16
741.0,52.5,1,1,0.0,0.0,185.0,0.0,129.5,815.0,0.0,0.85,129.5,185.0,9.0,0.0,0,0,2.0,0.2,13,1,50.0,50.0,26.96
741.0,52.5,1,1,0.0,0.0,185.0,0.0,64.75,815.0,0.0,0.85,194.25,185.0,9.0,0.0,0,0,2.0,0.2,13,1,50.0,50.0,33.82
741.0,52.5,1,1,0.0,0.0,185.0,0.0,259.0,815.0,0.0,0.85,0.0,185.0,9.0,0.0,0,0,2.0,0.2,13,1,50.0,50.0,33.91
741.0,52.5,1,1,0.0,0.0,185.0,0.0,0.0,815.0,0.0,0.85,259.0,185.0,9.0,0.0,0,0,2.0,0.2,13,3,50.0,50.0,85.11
741.0,52.5,1,1,0.0,0.0,185.0,0.0,194.25,815.0,0.0,0.85,-1234.0,185.0,9.0,0.0,0,0,2.0,0.2,13,3,50.0,50.0,86.55
741.0,52.5,1,1,0.0,0.0,185.0,0.0,129.5,815.0,0.0,0.85,129.5,185.0,9.0,0.0,0,0,2.0,0.2,13,3,50.0,50.0,77.82
741.0,52.5,1,1,0.0,0.0,185.0,0.0,64.75,815.0,0.0,0.85,194.25,185.0,9.0,0.0,0,0,2.0,0.2,13,3,50.0,50.0,84.01
741.0,52.5,1,1,0.0,0.0,185.0,0.0,259.0,815.0,0.0,0.85,0.0,185.0,9.0,0.0,0,0,2.0,0.2,13,3,50.0,50.0,82.4
741.0,52.5,1,1,0.0,0.0,185.0,0.0,0.0,815.0,0.0,0.85,259.0,185.0,9.0,0.0,0,0,2.0,0.2,13,7,50.0,50.0,126.14
741.0,52.5,1,1,0.0,0.0,185.0,0.0,194.25,815.0,0.0,0.85,-1239.0,185.0,9.0,0.0,0,0,2.0,0.2,13,7,50.0,50.0,123.52
741.0,52.5,1,1,0.0,0.0,185.0,0.0,129.5,815.0,0.0,0.85,129.5,185.0,9.0,0.0,0,0,2.0,0.2,13,7,50.0,50.0,124.62
741.0,52.5,1,1,0.0,0.0,185.0,0.0,64.75,815.0,0.0,0.85,194.25,185.0,9.0,0.0,0,0,2.0,0.2,13,7,50.0,50.0,116.23
741.0,52.5,1,1,0.0,0.0,185.0,0.0,259.0,815.0,0.0,0.85,0.0,185.0,9.0,0.0,0,0,2.0,0.2,13,7,50.0,50.0,113.6
741.0,52.5,1,1,0.0,0.0,185.0,0.0,0.0,815.0,0.0,0.85,259.0,185.0,9.0,0.0,0,0,2.0,0.2,13,28,50.0,50.0,161.07
741.0,52.5,1,1,0.0,0.0,185.0,0.0,194.25,815.0,0.0,0.85,-1244.0,185.0,9.0,0.0,0,0,2.0,0.2,13,28,50.0,50.0,148.28
741.0,52.5,1,1,0.0,0.0,185.0,0.0,129.5,815.0,0.0,0.85,129.5,185.0,9.0,0.0,0,0,2.0,0.2,13,28,50.0,50.0,150.74
741.0,52.5,1,1,0.0,0.0,185.0,0.0,64.75,815.0,0.0,0.85,194.25,185.0,9.0,0.0,0,0,2.0,0.2,13,28,50.0,50.0,146.75
741.0,52.5,1,1,0.0,0.0,185.0,0.0,259.0,815.0,0.0,0.85,0.0,185.0,9.0,0.0,0,0,2.0,0.2,13,28,50.0,50.0,143.79
741.0,52.5,1,1,0.0,0.0,185.0,0.0,0.0,815.0,0.0,0.85,259.0,185.0,9.0,0.0,0,0,2.0,0.2,13,91,50.0,50.0,156.34
741.0,52.5,1,1,0.0,0.0,185.0,0.0,194.25,815.0,0.0,0.85,-1249.0,185.0,9.0,0.0,0,0,2.0,0.2,13,91,50.0,50.0,165.92
741.0,52.5,1,1,0.0,0.0,185.0,0.0,129.5,815.0,0.0,0.85,129.5,185.0,9.0,0.0,0,0,2.0,0.2,13,91,50.0,50.0,160.92
741.0,52.5,1,1,0.0,0.0,185.0,0.0,64.75,815.0,0.0,0.85,194.25,185.0,9.0,0.0,0,0,2.0,0.2,13,91,50.0,50.0,161.34
741.0,52.5,1,1,0.0,0.0,185.0,0.0,259.0,815.0,0.0,0.85,0.0,185.0,9.0,0.0,0,0,2.0,0.2,13,91,50.0,50.0,164.14
792.0,42.5,1,1,0.0,0.0,264.0,0.0,0.0,1056.0,0.0,2.36,0.0,173.0,21.1,0.0,0,0,2.0,0.2,13,3,40.0,80.0,102.87
634.0,42.5,1,1,0.0,159.0,264.0,0.0,0.0,1056.0,0.0,2.36,0.0,173.0,21.1,0.0,0,0,2.0,0.2,13,3,40.0,80.0,96.22
475.0,42.5,1,1,0.0,317.0,264.0,0.0,0.0,1056.0,0.0,2.36,0.0,173.0,21.1,0.0,0,0,2.0,0.2,13,3,40.0,80.0,102.99
317.0,42.5,1,1,0.0,475.0,264.0,0.0,0.0,1056.0,0.0,2.36,0.0,173.0,21.1,0.0,0,0,2.0,0.2,13,3,40.0,80.0,98.02
792.0,42.5,1,1,0.0,0.0,264.0,0.0,0.0,1056.0,0.0,2.36,0.0,173.0,21.1,0.0,0,0,2.0,0.2,13,3,40.0,80.0,103.74
634.0,42.5,1,1,159.0,0.0,264.0,0.0,0.0,1056.0,0.0,2.36,0.0,173.0,21.1,0.0,0,0,2.0,0.2,13,3,40.0,80.0,88.15
475.0,42.5,1,1,317.0,0.0,264.0,0.0,0.0,1056.0,0.0,2.36,0.0,173.0,21.1,0.0,0,0,2.0,0.2,13,3,40.0,80.0,84.3
317.0,42.5,1,1,475.0,0.0,264.0,0.0,0.0,1056.0,0.0,2.36,0.0,173.0,21.1,0.0,0,0,2.0,0.2,13,3,40.0,80.0,74.3
792.0,42.5,1,1,0.0,0.0,264.0,0.0,0.0,1056.0,0.0,2.36,0.0,173.0,21.1,0.0,0,0,2.0,0.2,13,7,40.0,80.0,124.12
634.0,42.5,1,1,0.0,159.0,264.0,0.0,0.0,1056.0,0.0,2.36,0.0,173.0,21.1,0.0,0,0,2.0,0.2,13,7,40.0,80.0,121.94
475.0,42.5,1,1,0.0,317.0,264.0,0.0,0.0,1056.0,0.0,2.36,0.0,173.0,21.1,0.0,0,0,2.0,0.2,13,7,40.0,80.0,123.68
317.0,42.5,1,1,0.0,475.0,264.0,0.0,0.0,1056.0,0.0,2.36,0.0,173.0,21.1,0.0,0,0,2.0,0.2,13,7,40.0,80.0,120.39
792.0,42.5,1,1,0.0,0.0,264.0,0.0,0.0,1056.0,0.0,2.36,0.0,173.0,21.1,0.0,0,0,2.0,0.2,13,7,40.0,80.0,124.43
634.0,42.5,1,1,159.0,0.0,264.0,0.0,0.0,1056.0,0.0,2.36,0.0,173.0,21.1,0.0,0,0,2.0,0.2,13,7,40.0,80.0,112.75
475.0,42.5,1,1,317.0,0.0,264.0,0.0,0.0,1056.0,0.0,2.36,0.0,173.0,21.1,0.0,0,0,2.0,0.2,13,7,40.0,80.0,106.67
317.0,42.5,1,1,475.0,0.0,264.0,0.0,0.0,1056.0,0.0,2.36,0.0,173.0,21.1,0.0,0,0,2.0,0.2,13,7,40.0,80.0,97.22
792.0,42.5,1,1,0.0,0.0,264.0,0.0,0.0,1056.0,0.0,2.36,0.0,173.0,21.1,0.0,0,0,2.0,0.2,13,28,40.0,80.0,149.28
634.0,42.5,1,1,0.0,159.0,264.0,0.0,0.0,1056.0,0.0,2.36,0.0,173.0,21.1,0.0,0,0,2.0,0.2,13,28,40.0,80.0,142.08
475.0,42.5,1,1,0.0,317.0,264.0,0.0,0.0,1056.0,0.0,2.36,0.0,173.0,21.1,0.0,0,0,2.0,0.2,13,28,40.0,80.0,144.37
317.0,42.5,1,1,0.0,475.0,264.0,0.0,0.0,1056.0,0.0,2.36,0.0,173.0,21.1,0.0,0,0,2.0,0.2,13,28,40.0,80.0,138.84
792.0,42.5,1,1,0.0,0.0,264.0,0.0,0.0,1056.0,0.0,2.36,0.0,173.0,21.1,0.0,0,0,2.0,0.2,13,28,40.0,80.0,150.15
634.0,42.5,1,1,159.0,0.0,264.0,0.0,0.0,1056.0,0.0,2.36,0.0,173.0,21.1,0.0,0,0,2.0,0.2,13,28,40.0,80.0,139.03
475.0,42.5,1,1,317.0,0.0,264.0,0.0,0.0,1056.0,0.0,2.36,0.0,173.0,21.1,0.0,0,0,2.0,0.2,13,28,40.0,80.0,144.69
317.0,42.5,1,1,475.0,0.0,264.0,0.0,0.0,1056.0,0.0,2.36,0.0,173.0,21.1,0.0,0,0,2.0,0.2,13,28,40.0,80.0,146.42
792.0,42.5,1,1,0.0,0.0,264.0,0.0,0.0,1056.0,0.0,2.36,0.0,173.0,21.1,0.0,0,0,2.0,0.2,13,91,40.0,80.0,162.71
634.0,42.5,1,1,0.0,159.0,264.0,0.0,0.0,1056.0,0.0,2.36,0.0,173.0,21.1,0.0,0,0,2.0,0.2,13,91,40.0,80.0,161.65
475.0,42.5,1,1,0.0,317.0,264.0,0.0,0.0,1056.0,0.0,2.36,0.0,173.0,21.1,0.0,0,0,2.0,0.2,13,91,40.0,80.0,162.27
317.0,42.5,1,1,0.0,475.0,264.0,0.0,0.0,1056.0,0.0,2.36,0.0,173.0,21.1,0.0,0,0,2.0,0.2,13,91,40.0,80.0,157.3
792.0,42.5,1,1,0.0,0.0,264.0,0.0,0.0,1056.0,0.0,2.36,0.0,173.0,21.1,0.0,0,0,2.0,0.2,13,91,40.0,80.0,163.02
634.0,42.5,1,1,159.0,0.0,264.0,0.0,0.0,1056.0,0.0,2.36,0.0,173.0,21.1,0.0,0,0,2.0,0.2,13,91,40.0,80.0,155.81
475.0,42.5,1,1,317.0,0.0,264.0,0.0,0.0,1056.0,0.0,2.36,0.0,173.0,21.1,0.0,0,0,2.0,0.2,13,91,40.0,80.0,160.35
317.0,42.5,1,1,475.0,0.0,264.0,0.0,0.0,1056.0,0.0,2.36,0.0,173.0,21.1,0.0,0,0,2.0,0.2,13,91,40.0,80.0,155.94
450.0,52.5,1,1,0.0,0.0,50.0,0.0,0.0,693.39,1298.61,20.0,0.0,90.0,18.0,0.0,0,0,0.0,0.0,0,28,100.0,100.0,130.63
630.0,52.5,1,1,0.0,0.0,70.0,0.0,0.0,622.05,1165.95,20.0,0.0,126.0,18.0,0.0,0,0,0.0,0.0,0,28,100.0,100.0,134.59
810.0,52.5,1,1,0.0,0.0,90.0,0.0,0.0,535.92,1003.08,20.0,0.0,162.0,18.0,0.0,0,0,0.0,0.0,0,28,100.0,100.0,136.96
450.0,52.5,1,1,0.0,0.0,50.0,0.0,0.0,693.39,1298.61,20.0,0.0,90.0,18.0,0.0,0,0,0.0,0.0,0,56,100.0,100.0,139.08
630.0,52.5,1,1,0.0,0.0,70.0,0.0,0.0,622.05,1165.95,20.0,0.0,126.0,18.0,0.0,0,0,0.0,0.0,0,56,100.0,100.0,146.07
810.0,52.5,1,1,0.0,0.0,90.0,0.0,0.0,535.92,1003.08,20.0,0.0,162.0,18.0,0.0,0,0,0.0,0.0,0,56,100.0,100.0,149.9
450.0,52.5,1,1,0.0,0.0,50.0,0.0,0.0,693.39,1298.61,20.0,0.0,90.0,18.0,0.0,0,0,0.0,0.0,0,90,100.0,100.0,151.35
630.0,52.5,1,1,0.0,0.0,70.0,0.0,0.0,622.05,1165.95,20.0,0.0,126.0,18.0,0.0,0,0,0.0,0.0,0,90,100.0,100.0,160.33
810.0,52.5,1,1,0.0,0.0,90.0,0.0,0.0,535.92,1003.08,20.0,0.0,162.0,18.0,0.0,0,0,0.0,0.0,0,90,100.0,100.0,170.1
450.0,52.5,1,1,0.0,0.0,50.0,0.0,0.0,693.39,1298.61,20.0,0.0,90.0,18.0,0.0,0,0,0.0,0.0,0,180,100.0,100.0,158.48
630.0,52.5,1,1,0.0,0.0,70.0,0.0,0.0,622.05,1165.95,20.0,0.0,126.0,18.0,0.0,0,0,0.0,0.0,0,180,100.0,100.0,167.06
810.0,52.5,1,1,0.0,0.0,90.0,0.0,0.0,535.92,1003.08,20.0,0.0,162.0,18.0,0.0,0,0,0.0,0.0,0,180,100.0,100.0,174.19
450.0,52.5,1,1,0.0,0.0,50.0,0.0,0.0,693.39,1298.61,20.0,0.0,90.0,18.0,0.0,0,0,0.0,0.0,0,365,100.0,100.0,161.12
630.0,52.5,1,1,0.0,0.0,70.0,0.0,0.0,622.05,1165.95,20.0,0.0,126.0,18.0,0.0,0,0,0.0,0.0,0,365,100.0,100.0,169.17
810.0,52.5,1,1,0.0,0.0,90.0,0.0,0.0,535.92,1003.08,20.0,0.0,162.0,18.0,0.0,0,0,0.0,0.0,0,365,100.0,100.0,176.57
810.0,52.5,1,1,0.0,0.0,90.0,0.0,0.0,535.92,1003.08,20.0,0.0,162.0,18.0,0.0,0,0,0.0,0.0,0,28,100.0,100.0,136.99
630.0,52.5,1,1,0.0,14.0,90.0,0.0,0.0,535.92,1003.08,20.0,0.0,162.0,18.0,0.0,0,0,0.0,0.0,0,28,100.0,100.0,123.09
450.0,52.5,1,1,0.0,20.0,90.0,0.0,0.0,535.92,1003.08,20.0,0.0,162.0,18.0,0.0,0,0,0.0,0.0,0,28,100.0,100.0,109.68
810.0,52.5,1,1,0.0,0.0,90.0,0.0,0.0,535.92,1003.08,20.0,0.0,162.0,18.0,0.0,0,0,0.0,0.0,0,56,100.0,100.0,150.3
630.0,52.5,1,1,0.0,14.0,90.0,0.0,0.0,535.92,1003.08,20.0,0.0,162.0,18.0,0.0,0,0,0.0,0.0,0,56,100.0,100.0,141.0
450.0,52.5,1,1,0.0,20.0,90.0,0.0,0.0,535.92,1003.08,20.0,0.0,162.0,18.0,0.0,0,0,0.0,0.0,0,56,100.0,100.0,133.04
810.0,52.5,1,1,0.0,0.0,90.0,0.0,0.0,535.92,1003.08,20.0,0.0,162.0,18.0,0.0,0,0,0.0,0.0,0,90,100.0,100.0,169.79
630.0,52.5,1,1,0.0,14.0,90.0,0.0,0.0,535.92,1003.08,20.0,0.0,162.0,18.0,0.0,0,0,0.0,0.0,0,90,100.0,100.0,168.6
450.0,52.5,1,1,0.0,20.0,90.0,0.0,0.0,535.92,1003.08,20.0,0.0,162.0,18.0,0.0,0,0,0.0,0.0,0,90,100.0,100.0,138.85
810.0,52.5,1,1,0.0,0.0,90.0,0.0,0.0,535.92,1003.08,20.0,0.0,162.0,18.0,0.0,0,0,0.0,0.0,0,180,100.0,100.0,174.02
630.0,52.5,1,1,0.0,14.0,90.0,0.0,0.0,535.92,1003.08,20.0,0.0,162.0,18.0,0.0,0,0,0.0,0.0,0,180,100.0,100.0,170.05
450.0,52.5,1,1,0.0,20.0,90.0,0.0,0.0,535.92,1003.08,20.0,0.0,162.0,18.0,0.0,0,0,0.0,0.0,0,180,100.0,100.0,142.84
810.0,52.5,1,1,0.0,0.0,90.0,0.0,0.0,535.92,1003.08,20.0,0.0,162.0,18.0,0.0,0,0,0.0,0.0,0,365,100.0,100.0,176.68
630.0,52.5,1,1,0.0,14.0,90.0,0.0,0.0,535.92,1003.08,20.0,0.0,162.0,18.0,0.0,0,0,0.0,0.0,0,365,100.0,100.0,173.92
450.0,52.5,1,1,0.0,20.0,90.0,0.0,0.0,535.92,1003.08,20.0,0.0,162.0,18.0,0.0,0,0,0.0,0.0,0,365,100.0,100.0,147.93
630.0,52.5,1,1,0.0,180.0,90.0,0.0,0.0,535.92,1003.08,20.0,0.0,126.0,18.0,0.0,0,0,0.0,0.0,0,28,100.0,100.0,149.65
630.0,52.5,1,1,0.0,180.0,90.0,0.0,0.0,535.92,1003.08,20.0,0.0,144.0,18.0,0.0,0,0,0.0,0.0,0,28,100.0,100.0,142.44
630.0,52.5,1,1,0.0,180.0,90.0,0.0,0.0,535.92,1003.08,20.0,0.0,162.0,18.0,0.0,0,0,0.0,0.0,0,28,100.0,100.0,123.09
630.0,52.5,1,1,0.0,180.0,90.0,0.0,0.0,535.92,1003.08,20.0,0.0,126.0,18.0,0.0,0,0,0.0,0.0,0,56,100.0,100.0,158.72
630.0,52.5,1,1,0.0,180.0,90.0,0.0,0.0,535.92,1003.08,20.0,0.0,144.0,18.0,0.0,0,0,0.0,0.0,0,56,100.0,100.0,159.99
630.0,52.5,1,1,0.0,180.0,90.0,0.0,0.0,535.92,1003.08,20.0,0.0,162.0,18.0,0.0,0,0,0.0,0.0,0,56,100.0,100.0,141.0
630.0,52.5,1,1,0.0,180.0,90.0,0.0,0.0,535.92,1003.08,20.0,0.0,126.0,18.0,0.0,0,0,0.0,0.0,0,90,100.0,100.0,167.91
630.0,52.5,1,1,0.0,180.0,90.0,0.0,0.0,535.92,1003.08,20.0,0.0,144.0,18.0,0.0,0,0,0.0,0.0,0,90,100.0,100.0,172.6
630.0,52.5,1,1,0.0,180.0,90.0,0.0,0.0,535.92,1003.08,20.0,0.0,162.0,18.0,0.0,0,0,0.0,0.0,0,90,100.0,100.0,169.04
630.0,52.5,1,1,0.0,180.0,90.0,0.0,0.0,535.92,1003.08,20.0,0.0,126.0,18.0,0.0,0,0,0.0,0.0,0,180,100.0,100.0,168.38
630.0,52.5,1,1,0.0,180.0,90.0,0.0,0.0,535.92,1003.08,20.0,0.0,144.0,18.0,0.0,0,0,0.0,0.0,0,180,100.0,100.0,174.72
630.0,52.5,1,1,0.0,180.0,90.0,0.0,0.0,535.92,1003.08,20.0,0.0,162.0,18.0,0.0,0,0,0.0,0.0,0,180,100.0,100.0,170.46
630.0,52.5,1,1,0.0,180.0,90.0,0.0,0.0,535.92,1003.08,20.0,0.0,126.0,18.0,0.0,0,0,0.0,0.0,0,365,100.0,100.0,168.97
630.0,52.5,1,1,0.0,180.0,90.0,0.0,0.0,535.92,1003.08,20.0,0.0,144.0,18.0,0.0,0,0,0.0,0.0,0,365,100.0,100.0,178.85
630.0,52.5,1,1,0.0,180.0,90.0,0.0,0.0,535.92,1003.08,20.0,0.0,162.0,18.0,0.0,0,0,0.0,0.0,0,365,100.0,100.0,174.34
630.0,52.5,1,1,0.0,180.0,90.0,0.0,0.0,535.92,1003.08,20.0,0.0,144.0,18.0,0.0,0,0,0.0,0.0,0,28,100.0,100.0,142.76
450.0,52.5,1,1,0.0,180.0,90.0,0.0,180.0,535.92,1003.08,20.0,0.0,144.0,18.0,0.0,0,0,0.0,0.0,0,28,100.0,100.0,150.37
270.0,52.5,1,1,0.0,180.0,90.0,0.0,360.0,535.92,1003.08,20.0,0.0,144.0,18.0,0.0,0,0,0.0,0.0,0,28,100.0,100.0,130.37
630.0,52.5,1,1,0.0,180.0,90.0,0.0,0.0,535.92,1003.08,20.0,0.0,144.0,18.0,0.0,0,0,0.0,0.0,0,56,100.0,100.0,159.25
450.0,52.5,1,1,0.0,180.0,90.0,0.0,180.0,535.92,1003.08,20.0,0.0,144.0,18.0,0.0,0,0,0.0,0.0,0,56,100.0,100.0,161.09
270.0,52.5,1,1,0.0,180.0,90.0,0.0,360.0,535.92,1003.08,20.0,0.0,144.0,18.0,0.0,0,0,0.0,0.0,0,56,100.0,100.0,138.89
630.0,52.5,1,1,0.0,180.0,90.0,0.0,0.0,535.92,1003.08,20.0,0.0,144.0,18.0,0.0,0,0,0.0,0.0,0,90,100.0,100.0,171.89
450.0,52.5,1,1,0.0,180.0,90.0,0.0,180.0,535.92,1003.08,20.0,0.0,144.0,18.0,0.0,0,0,0.0,0.0,0,90,100.0,100.0,176.34
270.0,52.5,1,1,0.0,180.0,90.0,0.0,360.0,535.92,1003.08,20.0,0.0,144.0,18.0,0.0,0,0,0.0,0.0,0,90,100.0,100.0,149.74
630.0,52.5,1,1,0.0,180.0,90.0,0.0,0.0,535.92,1003.08,20.0,0.0,144.0,18.0,0.0,0,0,0.0,0.0,0,180,100.0,100.0,174.5
450.0,52.5,1,1,0.0,180.0,90.0,0.0,180.0,535.92,1003.08,20.0,0.0,144.0,18.0,0.0,0,0,0.0,0.0,0,180,100.0,100.0,179.09
270.0,52.5,1,1,0.0,180.0,90.0,0.0,360.0,535.92,1003.08,20.0,0.0,144.0,18.0,0.0,0,0,0.0,0.0,0,180,100.0,100.0,159.91
630.0,52.5,1,1,0.0,180.0,90.0,0.0,0.0,535.92,1003.08,20.0,0.0,144.0,18.0,0.0,0,0,0.0,0.0,0,365,100.0,100.0,178.35
450.0,52.5,1,1,0.0,180.0,90.0,0.0,180.0,535.92,1003.08,20.0,0.0,144.0,18.0,0.0,0,0,0.0,0.0,0,365,100.0,100.0,182.94
270.0,52.5,1,1,0.0,180.0,90.0,0.0,360.0,535.92,1003.08,20.0,0.0,144.0,18.0,0.0,0,0,0.0,0.0,0,365,100.0,100.0,164.72
500.0,42.5,1,1,0.0,0.0,0.0,0.0,0.0,659.0,1162.0,20.0,0.0,140.0,8.5,0.0,0,0,0.0,0.0,0,1,150.0,150.0,40.5
500.0,42.5,1,1,0.0,0.0,0.0,0.0,0.0,659.0,1162.0,20.0,0.0,140.0,8.5,0.0,0,0,0.0,0.0,0,3,150.0,150.0,51.2
500.0,42.5,1,1,0.0,0.0,0.0,0.0,0.0,659.0,1162.0,20.0,0.0,140.0,8.5,0.0,0,0,0.0,0.0,0,7,150.0,150.0,66.8
500.0,42.5,1,1,0.0,0.0,0.0,0.0,0.0,659.0,1162.0,20.0,0.0,140.0,8.5,0.0,0,0,0.0,0.0,0,28,150.0,150.0,81.1
500.0,42.5,1,1,0.0,0.0,0.0,0.0,0.0,659.0,1162.0,20.0,0.0,140.0,8.5,0.0,0,0,0.0,0.0,0,56,150.0,150.0,87.9
500.0,42.5,1,1,0.0,0.0,0.0,0.0,0.0,659.0,1162.0,20.0,0.0,140.0,8.5,0.0,0,0,0.0,0.0,0,112,150.0,150.0,91.2
500.0,42.5,1,1,0.0,0.0,0.0,0.0,0.0,659.0,1162.0,20.0,0.0,140.0,8.5,0.0,0,0,0.0,0.0,0,360,150.0,150.0,96.3
500.0,42.5,1,1,0.0,0.0,0.0,0.0,0.0,659.0,1162.0,20.0,0.0,140.0,8.5,0.0,0,0,0.0,0.0,0,720,150.0,150.0,103.7
250.0,42.5,1,1,250.0,0.0,0.0,0.0,0.0,644.0,1135.0,20.0,0.0,140.0,7.5,0.0,0,0,0.0,0.0,0,1,150.0,150.0,16.8
250.0,42.5,1,1,250.0,0.0,0.0,0.0,0.0,644.0,1135.0,20.0,0.0,140.0,7.5,0.0,0,0,0.0,0.0,0,3,150.0,150.0,27.6
250.0,42.5,1,1,250.0,0.0,0.0,0.0,0.0,644.0,1135.0,20.0,0.0,140.0,7.5,0.0,0,0,0.0,0.0,0,7,150.0,150.0,35.0
250.0,42.5,1,1,250.0,0.0,0.0,0.0,0.0,644.0,1135.0,20.0,0.0,140.0,7.5,0.0,0,0,0.0,0.0,0,28,150.0,150.0,54.4
250.0,42.5,1,1,250.0,0.0,0.0,0.0,0.0,644.0,1135.0,20.0,0.0,140.0,7.5,0.0,0,0,0.0,0.0,0,56,150.0,150.0,71.6
250.0,42.5,1,1,250.0,0.0,0.0,0.0,0.0,644.0,1135.0,20.0,0.0,140.0,7.5,0.0,0,0,0.0,0.0,0,112,150.0,150.0,85.7
250.0,42.5,1,1,250.0,0.0,0.0,0.0,0.0,644.0,1135.0,20.0,0.0,140.0,7.5,0.0,0,0,0.0,0.0,0,360,150.0,150.0,95.4
250.0,42.5,1,1,250.0,0.0,0.0,0.0,0.0,644.0,1135.0,20.0,0.0,140.0,7.5,0.0,0,0,0.0,0.0,0,720,150.0,150.0,108.5
230.0,42.5,1,1,250.0,0.0,0.0,20.0,0.0,647.0,1140.0,20.0,0.0,140.0,10.0,0.0,0,0,0.0,0.0,0,1,150.0,150.0,30.4
230.0,42.5,1,1,250.0,0.0,0.0,20.0,0.0,647.0,1140.0,20.0,0.0,140.0,10.0,0.0,0,0,0.0,0.0,0,3,150.0,150.0,43.9
230.0,42.5,1,1,250.0,0.0,0.0,20.0,0.0,647.0,1140.0,20.0,0.0,140.0,10.0,0.0,0,0,0.0,0.0,0,7,150.0,150.0,59.0
230.0,42.5,1,1,250.0,0.0,0.0,20.0,0.0,647.0,1140.0,20.0,0.0,140.0,10.0,0.0,0,0,0.0,0.0,0,28,150.0,150.0,75.8
230.0,42.5,1,1,250.0,0.0,0.0,20.0,0.0,647.0,1140.0,20.0,0.0,140.0,10.0,0.0,0,0,0.0,0.0,0,56,150.0,150.0,85.0
230.0,42.5,1,1,250.0,0.0,0.0,20.0,0.0,647.0,1140.0,20.0,0.0,140.0,10.0,0.0,0,0,0.0,0.0,0,112,150.0,150.0,92.2
230.0,42.5,1,1,250.0,0.0,0.0,20.0,0.0,647.0,1140.0,20.0,0.0,140.0,10.0,0.0,0,0,0.0,0.0,0,360,150.0,150.0,104.5
230.0,42.5,1,1,250.0,0.0,0.0,20.0,0.0,647.0,1140.0,20.0,0.0,140.0,10.0,0.0,0,0,0.0,0.0,0,720,150.0,150.0,115.9
