x_0,x_1,x_2,y_0,y_1,y_2,f_res
6.5690864573824586,3.247101172645155,7.726214295771816,0.6159701651612809,1.0897607672794758,2.2408530863892158,59.710057497024536
6.240734611216923,1.044080203421741,6.177517686649283,2.449530225226777,1.0743743171746891,0.1460244058494096,20.044302761554718
8.477289155111244,4.989024017679364,8.519761578774252,0.4149035066309062,1.1103537865235449,0.7931220336725827,31.740844070911407
0.5368685404029677,1.3356078274912715,3.793354551763366,2.4420266592018054,2.215643161300645,2.847359914940732,30.88334083557129
6.21468873653088,8.827628575235838,7.372512434843078,1.4199146564520428,2.125400955724708,1.036907848504712,55.64008355140686
8.301577671118945,7.262261580884467,4.473317148054061,1.967005837615844,1.00575997624291,1.0764796747301055,35.24834305047989
4.281148597688772,2.940477060427713,6.961847730919126,2.992165857827461,1.0307098031889232,1.4246356770200754,37.00452649593353
3.0455162188751106,8.018490976450224,8.40451640258837,1.0938167379093169,2.445839456988264,2.567282890317004,99.2707132101059
5.416945247432229,3.2758874775396487,8.356934530191722,1.0173140021974227,1.6827449450901215,0.9637144795549776,34.79809194803238
6.575649835837499,6.774270194592679,3.949915998149993,0.793117398237778,1.2279760665460344,1.159334708884468,27.179491996765137
1.0103633501895772,4.457054251701551,0.9038686556818574,2.687283994729067,1.2972744047268558,1.919025677396874,19.422624588012695
0.9776545178240208,7.273096790061164,1.6254872774104436,1.7814816050881352,2.821939816812998,2.8631553789847666,48.20657193660736
5.7353515907298505,2.539754364255942,7.826227182613343,1.7947821395254748,2.937223562399753,0.9269515244406576,38.2153537273407
0.3809584928003376,6.576639759248773,0.1608198344740414,0.132310879878764,1.9176655403126164,2.682488454895996,23.347570180892944
0.4294204699806868,5.2056931160019975,5.402399040051016,0.43984652776119,2.928110637050426,2.905145148248667,65.67158138751984
2.873447843495644,2.9503497274739505,4.368846133470264,1.726743684142653,1.0126880462510872,2.8099187911597188,37.233052015304565
1.900849603543641,7.464960199463138,5.250294584500993,1.1989080604340308,1.292373781555648,1.4740602966065683,34.23711484670639
6.986212639061832,8.542696065196978,3.7059252644727394,1.8773116520733453,2.7229669818173727,2.70495357109902,73.12843787670135
7.175171921394235,7.364785583568938,7.60774994907459,0.3268997839983317,2.460794144037835,2.1557890431547206,85.79985618591309
1.5460948714042888,3.554643922069829,0.4428455779681848,0.5575152102828248,2.031527205140298,1.0537503188412334,14.103075534105301
1.259985303206396,4.590279076158766,2.549628598914447,1.814445312902676,2.93216934450616,1.1461261755883476,31.08482313156128
3.33038850953752,5.044883329315522,8.563308351765528,0.0679287228999859,2.7038725650471287,2.663896494676329,91.04513573646545
4.7667748648806265,2.728515739668208,1.9702698048516305,1.639670845444611,2.4315082221763493,0.4934290692723052,19.586019337177277
4.881285284957553,3.204319385914469,6.878870522338401,1.6629781579489933,2.712859927143128,2.6339909919194557,76.37343633174896
3.421116300605131,1.1668114036720585,0.3209306902588372,0.3303163123672249,1.7876718332036323,0.129540271517218,6.3805850595235825
3.88491250069606,2.85434981325045,0.7863944916453736,2.8854259588227418,1.267001012906055,1.1043455528290471,17.412500321865082
3.245955669503223,4.611968305337781,3.596707986959397,2.9027963943186643,1.4312219732441351,2.6560197123403717,40.22834235429764
2.470654375774056,5.4907960174811405,7.783427606273218,0.1280032131241,2.262551199211854,2.2003365163297413,74.78444349765778
5.586235133366062,2.6063934721041564,3.247899602051108,0.0299940088521825,1.2164912775530847,2.639960310998081,22.92448115348816
2.423727728441069,5.097790215867707,6.209262010775323,0.785771021025458,1.2109464881295753,2.5285278475157944,51.82403874397278
3.7675535766213737,8.825248951563932,5.900690856022193,1.849157905194939,1.009262689774164,2.6175978153706527,56.449238538742065
4.613404356613316,1.9282880039720969,1.1176722460749011,0.946585710630035,2.4889612521893114,1.4667983958210715,14.620341807603836
2.7354026968627174,5.140179159508686,1.8201771935584208,1.5643136251871108,2.541387605928741,1.4307323834602357,31.473135232925415
3.0082137672963443,1.3469328781240977,0.3814252432293824,1.545104870834619,2.784305319253716,1.453301068665216,12.948899537324905
2.184144756801976,8.655541954729326,5.737759072929423,0.7387919090839568,2.183458180463478,2.3820491597638487,66.8937817811966
2.3770855277832244,1.025282458477573,3.591562484019124,0.8066287651833497,1.1355533515381755,0.9501503915271108,12.054331928491592
2.0454899062942298,7.2673293799264735,4.215274446729633,1.0418594887862338,2.5721086782541844,2.733829194920502,58.99400091171265
2.6308249129824977,7.344997301016973,5.821181667444564,0.01528199976966,1.9164113655993615,1.0495681836400537,35.63284909725189
6.34240032533889,8.452396527498134,0.8776051238625262,2.2490566621651977,2.673650002806104,2.217980778014761,56.95531356334686
1.3007362560562752,4.992708568039292,7.840639021335832,1.093220421643665,2.9371160674158983,0.1609609749831232,22.25430327653885
5.571169724660771,3.105613869319967,7.465114865248235,0.8073376530467995,1.0443068113781335,2.524092771713553,63.26212656497955
4.486977578893697,6.124422865364785,4.387809067672567,0.1513780795666994,1.502041112923196,2.367727318856431,37.569692969322205
1.7107328372823605,5.615943250995724,8.32720776247442,0.7241423205032397,2.6257969093699947,1.8356877131856888,78.17289423942566
2.947625212985897,1.1190307498687382,4.569110477207431,1.0100570968919025,1.2635456544201653,0.8459895621051873,14.099954158067703
2.9807033313359588,2.6684092781830904,5.772045745033552,2.805879715256601,1.0680710520648071,2.3260652017019567,42.07835906744003
2.7673899712799908,7.856994743371071,5.740018969769319,1.9710368182803,1.772052829996276,0.2237781644716782,31.860085606575012
1.0089249026805485,5.447595336136386,1.6165424865762956,1.9427965303367365,2.941737761733619,1.1138814633531586,33.17255663871765
5.059815312475427,2.1230898265428566,0.4406898846021061,2.369488384058648,2.1366357156205726,0.6751506210252938,16.65159633755684
5.507048728308798,6.487197511855438,7.38710271734002,2.921079269320585,2.580764936861139,2.414273294257344,97.80348551273346
1.4660736409080464,5.362248126597134,8.120029961650438,1.8837799853497668,2.215783599151769,1.8799448411422688,71.06094527244568
0.4818371682318582,7.688085948436181,0.8843339446439835,1.6634732373488048,2.967065792374041,1.898094947207521,45.28375369310379
4.322756270574907,8.513079033652598,6.142449631448585,2.3590753981954418,1.5501701641997676,0.2817113813730306,35.697645485401154
3.49937745748652,8.35869619534127,8.267717033616835,2.394372383552864,1.0112298316330148,2.9558707220644367,85.08782517910004
1.2131955670946757,3.692700868317746,0.6219470774448279,1.9680711390068817,1.1063584526350263,2.18868511654303,15.487954705953598
0.9157553080849936,7.813070341188937,4.299339016786193,0.5002439045350927,1.0012710881178877,1.5990357556774657,28.21680200099945
8.832560879525925,6.224393840494424,3.220101533329245,2.871520187527325,2.1142477965028013,0.4950187449015197,44.80511313676834
7.205779388707137,8.684373239451036,5.814002306116166,2.800353661866964,1.334557819374018,2.7585925301188485,71.1505696773529
5.510102148008127,1.0582865364762446,3.969059939008659,2.07722933541657,2.5063632352696508,1.2330024929840806,22.004963010549545
3.8307262875786017,8.929188243610414,8.539835760828199,0.7989581593322338,1.9709770879308848,2.020530985482589,83.94862878322601
8.40490218676984,4.072555911978537,6.019984374574108,2.812090963648723,2.9299084213199644,0.5358821704242781,39.20278984308243
5.1421460751630494,8.413865208369817,4.65212414089026,0.2856612607548924,2.903516404122111,0.2704517926301019,40.15167701244354
5.377661850016488,3.0880910936806467,2.915715656973009,1.9093392854815128,1.734400350258763,1.5077690456940045,24.74894541501999
2.477842360756983,3.470915949847403,0.6295655994824084,2.1487895902146725,2.5323209106716247,0.8851020864142402,20.498369872570038
5.093823042633439,5.514403373066854,7.034302029274756,0.3807274481176828,2.161092161921693,2.6147312573499426,75.12766563892365
5.927509141076557,1.9915502606650728,7.621742138321113,0.4559225085598973,1.5187796085096987,0.0338600719879296,17.04233095049858
6.77128289983936,1.9794090808144604,8.831694491848143,0.2267671870216951,2.935025943621685,1.75216001288088,67.87324166297913
6.286646119463185,3.928572629915469,0.3455807493023789,1.1218134854791706,2.8067459427153465,0.6306236935220052,22.19475468993187
7.942805747062064,3.2759908782553904,1.5176799969380368,2.025109286120336,2.901486140627201,1.0416369400058894,28.76092791557312
0.7670198724831998,2.083334254659139,6.361713573212296,2.523696880201096,1.558090173869355,2.8786461899500853,54.897852659225464
8.329263223766372,2.497956667621822,2.7645990320395453,2.4307742243995123,2.9402312082169964,2.249698722175536,39.311409175395966
5.268588997632333,7.448437601096793,5.709636120575544,0.1919581911144955,2.687909823024894,1.153535410016831,48.32228893041611
2.829342096023818,6.1899198743116095,1.9950283025203757,0.0006156674937976,1.4497761470989086,0.2757280649866372,18.321768403053284
6.897367154498087,4.326367671760193,5.646464369140607,2.191745328912167,2.6067139481704302,1.7828926118521646,55.84785354137421
1.106391276426263,7.333853559811375,6.894835307538091,1.525943738528893,1.3879569506173723,1.172930333884623,35.73124444484711
1.2667170993090306,6.349127650936916,5.473758093783543,2.882570598617206,1.4843824126713736,1.137303414590144,31.35069876909256
8.962583390334824,3.761195533805619,3.96330743995934,2.1916443605112423,1.586320017238032,0.8047490845016748,30.175069391727448
7.383012098849647,8.773479518562194,7.77195302166451,0.5687005106678966,1.3387127245322423,2.1905630211792158,69.77488565444946
8.520915733726206,1.9168622469399423,2.753721572469865,1.736987932758376,1.239166288584733,1.5360642125981834,21.43718433380127
2.377330821832218,5.354343420444646,1.1164584104499604,0.635500674949455,2.622579883378296,2.479554329062432,31.669890880584717
3.8494296675844746,6.121959075302008,5.476092956401096,2.66599529758704,1.3585055144962184,1.989110986798924,45.27737933397293
2.8462419438257607,1.0919030111658783,0.8099253715797782,1.6141459460126566,1.482216431711092,1.8212248651933096,11.460046589374542
8.484069751281972,6.68014422616215,2.8692432709030924,1.3202257669785833,2.815107927372182,1.4614053033258765,47.52636504173279
8.510088286367631,3.55213605879872,6.2576865305002745,1.4172506206431823,1.675902521672096,1.1496981209049817,33.07019108533859
7.037348054466018,8.30491144512526,6.856812385309048,0.9802732314243652,2.147943468591591,0.1235716785240825,32.76145535707474
0.2831029502669249,1.1325609006771753,4.073629380709581,0.7785350992671459,2.2216893393412955,0.5539609123304842,13.181888073682785
2.090585750720856,7.465467193453962,0.7389024166314075,1.8206062565346208,1.07588388517956,0.467742626964049,18.609044909477234
6.266477932392752,6.769646877518482,4.546600102988206,0.6336436639261279,2.1455064354252555,0.2475244255339924,29.78547465801239
3.5159194533414126,8.252152146850012,6.520161380071173,1.8667650352656529,2.216824362522521,1.7236911014134169,66.86265778541565
0.8940371289254966,1.5682766261518235,0.8509655931106679,0.1621870239299999,1.2699830885436338,0.4964697828954983,5.888156712055206
8.750749096482608,8.958456236597382,1.2077785234454192,1.957774640269131,1.4744586107006867,2.2000091462463813,43.06993913650513
1.2881462843870994,2.37218900316595,5.487290020120183,0.8969400974019865,1.6358316968274864,1.2406275023682454,22.293150037527084
0.857425500997688,1.721295731422548,2.968909335148148,2.652748484328098,1.412203003461985,2.2552333864318674,21.52205953001976
5.06631504140355,2.140499608531868,0.0542014991986905,2.139210052165025,2.791792532512406,2.380983503836464,21.308261781930923
2.068839453412007,8.170327593573191,5.365825962335694,0.675039160014997,2.710161456873624,2.125267070755669,68.88856732845306
2.841658554752476,5.088019721303255,5.911745026528546,0.2650612009412186,2.033365496252925,0.4820545115836372,23.149561554193497
2.9731119035903832,6.241650651584514,2.1963514394352077,0.5848763923321186,2.316700740309507,0.3121689417937917,27.798033744096756
3.988028299808274,1.6037987006582697,8.611792707966346,1.1296812937384892,2.945920699611565,1.902922367788996,71.05597364902496
5.450623907784018,2.327670747772956,0.5254141247553261,0.2704053315646156,2.5434481488979666,0.2791217565196644,11.086285144090652
7.504195767629512,3.698565260395052,2.818739292266464,1.080828130225627,1.855744073163476,0.7052777743313997,20.73832666873932
4.205865988358209,8.788917391845192,2.6705072113853108,0.9978086741825226,1.2556197653286305,1.5667840103375332,30.896307289600372
6.113692153904607,6.912982312296179,3.8520096058067774,1.0669738400913544,2.1459536332861635,2.4170878575447743,49.47131645679474
6.565898763215184,3.055284160045161,3.510616120886191,1.4459911395774576,2.1737384072239703,1.4183731847226535,26.158442676067352
4.082819712757729,6.13127931914757,7.865202668748703,1.8478146049742483,1.440910573835786,0.0087564283960115,26.97063347697258
1.084713813203151,2.9699690202055367,4.949511446847044,1.840011413727862,1.892179711503654,1.9280569832528849,31.56445860862732
7.972151286492234,1.1556940351966023,4.8390550812854425,0.634122854219903,1.843346902554159,1.211792486245721,17.879928529262543
3.415823034579649,2.907268580344879,1.4191568682544138,2.585004197640249,1.6663494891579025,0.7001130352925905,18.00088396668434
8.17369357327225,8.039992820844494,7.391481949452877,1.143595920376321,1.3706308640466125,0.1513532956371861,31.83379554748535
4.278533528251124,4.634206440290585,2.331878721596872,1.743668132553485,1.4607593551705562,0.4892215186263718,21.695454448461533
5.961677147528752,7.2386904980194755,5.388338470158707,1.5687633508267385,2.883614873219843,0.7931509821343318,47.99330401420593
6.7961035609972,2.61341201618501,5.4757805478135575,1.779188238686488,2.3039862984139177,1.8707088152293856,42.7709259390831
4.049736330089704,7.447357430103874,1.493442640781482,2.872287405221489,2.6723378244138,2.138067881516033,54.53348648548126
2.210033754748366,4.221856862309873,7.723651242539124,2.5537894128864385,2.653907278833945,1.0657950002840222,43.703816294670105
7.153932033122084,5.529200861280327,6.199226745555145,0.5178182730447619,1.0275662534692958,2.434051363991251,50.965457797050476
7.75696519266398,4.767597518145354,3.073398796784956,0.7699142645090251,2.1948706411473258,0.2561085911996528,24.156890630722046
2.272438839733744,8.211527792780767,8.957366989632792,2.5359767286353603,1.2439993486997902,1.8396277941646613,67.01212334632874
2.655335740054463,1.8693101979500837,3.238227672635672,0.4834724389658325,1.3415696790501308,0.446856314507374,11.80134965479374
1.9521592073937757,2.996307014000548,4.929020636025606,0.0531560328254813,1.5448342653647429,0.042718721119395,15.236620351672173
0.3565424992130321,6.611774071655758,7.001634845892449,0.358997435895045,2.818308603880392,0.5385674572281953,33.150900304317474
3.102194129949919,3.659521956295797,5.800540543543735,1.4091817904682906,2.500098527955518,2.1013027832398268,51.23169004917145
3.3787021563392123,1.459723293464152,0.4898672006359902,1.3987949038544485,1.192695006522728,0.8148713222735217,7.913244619965553
7.968912061472446,4.063289141962704,1.028070380433674,0.6997322134864745,2.202004122310372,1.0690488569070231,19.498956084251404
3.022549723869792,8.430701954038334,8.530245734710695,0.647307170255062,1.8752674050148377,0.9793025880719638,47.13810455799103
6.358197938770811,1.0390202402785178,3.874369357556816,1.767816600949967,2.487693277857709,2.786479858583217,36.16088378429413
4.658998258492405,4.047471052034888,6.835949079548782,1.707365535874838,1.9193160935839344,2.592003973003416,68.63052582740784
6.849914324103726,6.637999560899869,3.186200134892031,0.0740472144006949,2.80693191539296,2.657171351320584,47.09777247905731
1.8349383024605768,7.715416571151816,1.1070950170415688,1.763457935697979,2.0770464324932805,0.1979559041874288,30.548232972621918
2.1526018565092,4.053334598888722,4.722339140736402,2.922217940571893,2.5836732074729216,2.8515773618082787,54.17395007610321
1.0904146311076526,7.306038436918004,8.898236039873224,0.0348712569226206,1.1702557457406322,2.842100760534357,80.40177655220032
5.819218473926572,5.787588045763605,3.5831111852239723,2.335111751720601,1.3535225321429287,2.225656474945635,40.48566418886185
5.238392630103427,6.8048971297681575,4.974099706564039,1.4841993834125145,1.5113949960576585,1.4507123270218234,37.74072074890137
7.384270952126102,1.6940146874557636,5.731187162708896,0.9094701642770888,1.2058657437702116,1.1593434323443637,21.39639502763748
1.5310793969413186,6.458437387307665,2.6224247907013085,1.9787067109298275,2.3522378124769627,2.394086627903868,43.33724749088287
8.484003689705988,6.467722515431569,3.312455287448485,0.5239481915970988,1.65622882343142,1.9274224921709715,31.988847017288208
2.5285417505922263,2.659745433462376,2.1055807697304223,2.8704096892787665,2.3913699079233464,2.6982774307373814,31.173576772212982
8.189420612111334,4.211228450410749,3.524227951120907,2.804668738263244,2.823823749869025,0.7749248800498583,41.37168699502945
3.470901549338069,3.6744916866016615,1.2946996356171407,2.587370307155354,2.946027562733628,0.9985192820712452,28.200125515460968
0.9045970885363018,6.977079440515265,3.4755518812304844,1.0176758491124605,2.2654768309330278,0.3932482634647111,31.568203568458557
6.289239309993801,6.324207615036594,8.240777254179203,1.7490780301564683,2.2634170225264123,2.2618071695592006,93.29083216190338
8.511673919202574,7.50401175121351,5.816627147812228,0.638207210583871,2.0005539724208807,1.5015632275140698,48.54498600959778
8.43495930662888,1.2268425295362269,6.448135807302771,1.5825933612913934,1.914325018899791,2.555200538741306,59.444326400756836
2.916981642685309,7.204457268852708,3.0368286489316185,2.4332914975592947,2.0094653344265883,1.8119007349068417,43.193087697029114
7.986051068287111,5.662446037346238,0.1881525011188376,1.0754532959157828,2.148831483554553,0.0281048671590044,26.860885679721832
8.371395956635357,1.7144595109792649,1.697285444307463,2.8202810003209557,1.1673463709092322,1.6524637021398023,25.72247052192688
1.867755728252732,7.05801693238838,6.629533577673006,1.7029515402824609,2.464427854125536,0.5453716855708309,34.53006958961487
8.751470397244416,5.560720220821082,2.489538704184242,1.3075751556523714,1.1486600289953572,0.4151015876701379,23.918291360139847
1.292234584876292,8.332841392144076,8.536577147233766,0.2651592851628417,1.379955116341608,0.9453703005856966,36.71092349290848
0.6082607874379798,2.252684276201664,7.246409912113241,0.5632251397143991,2.8447006993605366,1.016912429095428,31.21719354391098
0.617863809058025,8.741744730368596,2.7779391389359125,2.943189667625825,1.774908324792571,1.5871001489807963,38.226392328739166
2.767980341520188,6.817010229893479,6.225827904858559,0.2869000034939035,2.4337111210606173,1.829115304568568,60.08019733428955
2.7635795749968137,8.495458617748259,1.557510221128849,1.1841259338141312,2.069080936055188,0.3873192578563132,33.50555366277695
5.8968454313571,3.697176158303181,3.1370797011074565,0.631837761860815,1.845491656987536,1.3664659539296768,21.126048743724823
5.206579936245051,6.593254489378352,2.0277142027950825,2.785101537417564,1.0395852455757133,0.5094270010026709,28.451825380325317
5.461295092183375,7.6142815534010495,5.913204407119445,0.5385443869681413,1.6179737278119344,1.584954445339516,43.51071709394455
8.445845482027003,5.267642007068178,0.5386337549916381,2.3142037819692534,1.717346098312068,1.4747739817076173,31.704495072364807
2.212038566604144,4.315506554927442,5.32719755820911,2.719676227323776,1.318772923921717,2.613449176766661,45.87686467170715
4.238129906300099,6.923905754570725,8.655161452216465,2.266907506204096,1.9576905852762725,2.0626035114347685,86.54598259925842
0.8649450970251958,7.029759631736391,0.0031645353399363,0.4749109340071816,2.577784418656817,2.075497019645747,32.92139267921448
2.5649263771144453,8.858996962607051,8.728675216712364,0.1810874671519856,1.1757708679476542,1.9132842098651464,61.44407784938812
4.619805017156576,1.9481515506335727,7.524948132927427,2.905800337374247,1.774125305591315,0.3376878391898336,23.59725958108902
8.692403255748431,3.0609350145285603,5.921815501935267,0.7488361740841816,2.286720675932036,1.751509145685216,42.58355760574341
7.369729280875246,5.380199396469207,7.828224473211597,2.6934568186423715,1.5416551319758405,0.7698775970700383,41.74258500337601
6.506617550994004,7.614243567430478,5.6491115216644685,2.9419033073684817,2.1813483893990755,0.1537362421627729,41.56501567363739
5.4809318160264295,3.0777967346463537,0.9712292260556032,1.455035423785681,2.26777357117112,0.803159786369828,18.194793164730072
6.121732002267336,5.506403383317906,7.47282279633805,2.456774271169776,2.0231797945176364,2.3182634417405223,81.77426731586456
3.748619995391,2.1063403490217105,5.652974402214788,0.1280016880542825,1.5715918894900738,0.0680267055993814,13.193358674645424
0.6375579227471304,2.8248977971110065,3.651501020997896,0.0140537845854994,1.772791943730016,1.7953483614822892,22.148692965507507
6.396857093972131,1.5003202364765942,2.522447689216688,1.2941981066538908,2.6326289966125875,1.4414305989967662,18.48058322072029
2.0514833903920766,3.3992324765245634,8.591949408075072,2.0557916356926103,2.5565075317196864,0.1917388589697108,22.202965259552002
1.8750262236265869,2.185473306540888,8.407052288891176,2.0989126345103326,1.58752860297099,2.988495027374772,81.07817542552948
2.265825475457764,6.948711206097165,3.0557626463989367,0.2483900374887586,1.8465141115301096,1.6412220162454827,31.558142483234406
6.757641687448729,1.8595842370264448,7.188533659564851,2.7750824345114524,2.0680443159011475,2.4943232493442684,71.26512026786804
4.36907835112611,2.714272625520993,1.774832166849733,1.3304103270097922,2.8752907086420803,0.9166087320922756,20.3283871114254
6.829997263696352,7.806031460994179,0.5916060892080356,1.067702297621842,1.1500126903222874,0.2489851552712509,23.007335543632507
5.970774391324369,3.587249557393309,6.4138358843631815,1.6271174892105338,2.58801652601382,1.4105493772525062,45.50980532169342
8.8602600985703,2.0435750810966145,1.1607051930693326,0.9519738251182256,1.9503772654501053,0.4298677893954583,13.409391015768051
8.805101021212227,8.991317749051515,1.0275703706154395,0.7122235127270222,2.7236647423903984,2.3697994686396417,51.07741594314575
3.1543249643546414,3.4080289554816554,7.831600555007912,2.5040089063309514,1.2916196374780016,0.1713537778589331,23.558647394180298
8.894357299566122,7.163487154026058,8.367838933309297,2.6082044272784684,1.3802792605236252,0.3461581762227623,42.74152731895447
2.7880376885935,3.714140074456649,4.771198135331424,0.3925903123817115,2.4497246738280563,2.4869283320443123,44.39461123943329
5.241814069582147,1.3191837938205948,1.2960061168386787,2.3733430855112294,2.795190038652182,0.8058366422620281,17.45472314953804
3.17338487394036,2.836483730928398,2.4852758959516943,1.2257029951280811,1.0733663198084336,2.678428956200791,23.00922405719757
8.849065805928417,1.9017231762001536,7.688785776215908,0.7721009156545467,1.6452359663833231,2.9008127591039914,76.325519323349
6.099885863195953,1.968087741576138,6.748933103357281,2.665210860801428,1.7891309094502963,2.560349474212325,63.984493017196655
8.63526114668264,6.670145195893382,8.72058360644533,2.5240667117765296,1.2588410217657755,2.3607627436527663,87.24777579307556
8.265161520742868,7.052545105065433,0.5754538898118335,1.33449421927683,2.5691332761656005,2.6401505896594304,43.6246400475502
5.639861286377343,4.964787554877489,6.619394209720297,2.905214699426812,1.7538951201384516,2.7289749662642198,73.37437498569489
0.995617561373304,1.8164830756509616,0.530424921248957,2.349720125297036,1.0928702645586703,2.672842323019193,13.25373063981533
6.122283283992772,3.1816529075901343,1.695792473306542,1.549473659605605,2.6866130243989845,0.6150341330997312,22.39320296049118
6.367721237924182,2.40643496749293,7.11765168939822,0.4574697963617844,1.3279431351319382,1.8475370870935413,43.63102650642395
7.544180447645705,1.1829669527080666,8.181564579253397,2.157043404458731,1.4770525061885968,1.6422532920547326,53.304481625556946
5.834613230756865,7.815654198794076,0.8525720052041605,0.272057419198407,1.434454247494482,1.8211393111548868,23.772837698459625
5.910661854118012,5.686256338056079,7.967185625794855,0.1870633440270757,2.2696386717192434,1.2743019784908198,51.630181670188904
2.982271638455641,6.684626090878492,7.243911697530767,2.5388057986631094,1.7683220953099776,1.901367365999453,62.80327892303467
4.8589726572221466,1.6404662508175851,0.0473616755455068,1.3271807494356185,1.9297773424448896,2.4387620638627374,12.991047501564026
4.611441975332123,6.196590192858028,2.065598442509162,2.2169291211494078,2.3463757196481776,1.849588747083084,42.38809138536453
8.98907478426001,8.995557857287523,6.585745842673098,0.8972036099046996,1.3759957644436944,1.089489610717539,42.086633801460266
5.177107546028752,4.053920568429468,1.4434449153182662,2.831815464374018,1.1734758313615772,2.407524403143351,29.623749673366547
8.911905366745767,6.467307595027695,3.1932684420624597,2.580440896324,2.2796171949797994,0.7531542396280403,46.47881901264191
0.8625328666260946,4.428840154999353,0.1905654490927004,0.639337294844803,1.1741843351912151,1.7213182672788483,11.979096814990044
2.4962846904141287,3.5941355260450303,1.4631194054724008,0.9604970712181168,2.8618176999554232,2.4841322503595986,27.62385320663452
5.129840476190522,1.421580043335549,3.42570071577319,0.6125331306865957,2.606494880832676,1.1581058777215412,15.931662619113922
6.628104617608696,2.125826196665627,7.668250459770401,2.5972785702038466,1.3591247419731227,1.7024184612998714,51.709381461143494
8.502620442209748,7.521399721089916,6.4649500777361855,2.792974818762,2.5091991851377786,2.4411365336694475,97.2444212436676
0.1325587502540893,8.687707462907909,6.540636220404627,2.577837406606273,2.063705713277416,0.4780402276910586,33.883972108364105
6.060443821112339,7.771351465059233,2.090369777638588,2.936469823338381,2.960851830348581,1.0158520731606775,58.03859627246857
7.132654834112269,7.667974870901432,6.200137823126329,1.7536058995781123,1.7636987303104577,2.271834123155595,68.10592770576477
1.49933444200519,3.8872198569548,8.951553262868396,1.921158757738914,1.6940922693051628,2.650729657118241,84.33360946178436
8.709761633581339,7.684159010733794,8.271330277883557,0.3621515632568037,2.8324221944736947,1.888480441719053,93.33900249004364
1.5006853236889908,5.45293473187239,4.056702588454019,2.530168493701355,2.6872059986742687,2.8663588625219005,54.71441209316254
3.594913788625424,4.138872036738124,3.3943896347329403,0.6232672260984337,1.1720845453980064,1.5665646341581914,20.71271973848343
3.2085719277771347,4.936213468090992,1.117991073604937,2.04364342941292,2.7379826736649564,1.6917563248936127,33.77809876203537
7.535757264497282,1.783681942403372,8.468150349961551,1.372436922064649,2.865264530953106,0.4967051324817985,28.276339054107666
8.394412556017098,1.4315139269403296,8.974677684045158,0.4086625985425132,1.721103225160445,1.576005351941919,53.44731241464615
0.8055964577440913,2.0806356824978094,0.2995526242490111,2.454256619349088,1.1643097583818056,2.5054993171781894,12.900770097970963
1.895671531341233,6.481126725764853,3.2927144996856685,0.8332507168808445,1.0994627962793744,0.5088865187810704,21.210781186819077
3.09700578256171,6.219711249825716,7.584233642868866,1.5817678147061671,2.20666076389299,1.3656246117102853,55.295867919921875
7.170361595302557,6.729613172595391,8.091155371173125,0.4180822928248827,2.606567547386922,0.1543011926399781,28.344286739826202
5.196922405944069,6.317203893908241,0.7349991386861428,2.9655762942939665,1.5109611385014894,0.4943272537953617,29.713768184185028
6.988683682200668,8.806478247249025,7.3909385943932255,0.7095384703155536,2.037871881771846,0.3931385633385814,36.255737245082855
3.582453917914597,3.7674724172409393,6.444362114674867,0.4857294108628326,1.2885399753765334,1.9948599495621804,42.32292056083679
1.6355995727188433,8.127794257961533,2.4924306541768653,2.7970163248472035,1.637924499622042,2.1364620011871183,40.130043745040894
3.5780895982019127,1.985627584231913,2.002992104452449,1.7247413938522316,1.4252782229879954,2.076311125806701,18.96078312397003
2.405547577841715,7.912028909915325,5.1269536158454185,1.0279466194313498,2.497899916135911,0.2669888598096527,35.60493582487106
1.5731578984617198,4.653828369509096,3.6283038783943313,2.709406811997652,2.8495528588040453,0.6309084673239658,31.29953181743622
5.244505449012056,3.7443375439346775,4.313152110450803,1.5989843074666044,1.3860274319586217,0.8273161654491438,22.66911831498146
2.15604327034113,4.724956493230503,6.848800271263502,2.639466210892126,2.91817863517743,0.6461388056745012,31.675357460975647
0.1340650046033347,7.403936010304734,2.200698943793063,2.2913982389460106,2.9588068008826003,0.6722538373681655,40.81428873538971
4.611497447478779,4.201511896041457,6.74522314857592,2.955700432612397,2.065735463609533,2.712190391733886,74.16902923583984
1.9792849273080209,7.406617467159359,8.130957756950139,0.9125825061491076,2.3640965731362025,1.0316038954020956,51.37840700149536
7.874997925931581,4.748470509945339,6.386947117695983,1.992126867358645,2.8842981273846062,2.4419615774893377,83.92713832855225
3.965650627183326,3.4307942825462785,8.235407983285263,1.263482220357139,2.536485178606485,1.049374131796612,42.51752305030823
0.6111594563317816,4.52963153840456,6.19650989407574,2.953627762652504,2.8042615907057087,0.2038349064463965,21.714179694652557
0.3124037877896362,2.808502343135795,8.975624298479346,0.0421541220275373,2.547153971391595,2.5265597568929232,81.94253361225128
1.5351727610273551,1.662425816040508,2.814676099383812,0.670722746713684,1.760382139119428,1.1547129111095356,13.491146862506866
1.4048458697200217,1.2143638638591678,0.5476737376348574,0.907405851608116,2.885940969521749,0.2264044374133331,10.19854012131691
4.19985958638539,2.3040858483399616,0.2376774079439205,0.5325217446787925,1.27609087002905,0.9028180521984402,7.529684126377106
6.868028144436717,2.935224864975365,6.158274782830136,0.9849033077802444,2.5998009146040166,1.7124618522427744,46.43234384059906
4.5678372995533305,1.167238869359835,1.0879313048983323,0.5400802792721807,2.45253691464187,2.843758307288409,13.139692336320877
2.1274197586036743,2.371274381116642,8.636578622958027,1.165383082427749,1.8838004643925992,1.5481090923621832,51.09664732217789
3.64619468410326,1.880878734559144,4.286955284164417,0.9390390961505868,1.695061699333625,1.863134401964451,24.304290115833282
8.327965303493945,3.390815796806714,0.4710330917387633,0.915267898805301,2.8068711099244217,1.7992013075552329,22.718251913785934
4.387015776169266,6.408961842653564,0.1482825619357027,1.615609743142386,1.7151013640001869,0.9549988157273708,24.283316612243652
6.104880342832196,7.190300245841113,2.6386140268900835,2.4583294909960127,2.825931655700863,1.358804686142293,54.57602369785309
8.725804448700073,2.035146771946194,7.789027442389016,0.6809378634601525,2.320525120612565,2.6186812236571564,77.43437850475311
6.585274125190098,1.4918437028444886,5.6159057327879145,0.6128011413071556,1.056428351747957,1.4082695619068837,22.262017846107483
3.921435262407479,4.349790673305581,1.738285360524984,2.7732993813038496,2.8335347096065,0.4324505749069667,31.509674906730652
5.3190731158982265,1.939904101677631,2.331310300092385,0.3579199608464896,1.8551660763019289,1.238558808977661,12.388026356697083
4.043391071865014,7.109855155768607,4.438590086789205,1.8803578656974924,2.678148263452531,2.51546186789554,65.81227517127991
0.7274641062603893,5.422943164622157,6.068794034325373,1.2019439762398223,1.0156386309667575,0.1900627295800627,19.70149728655815
6.309380495818434,6.278663505842007,2.163219359615308,0.2346043598810916,2.826361223852837,2.884465743104554,41.31230980157852
4.967600815304401,2.81268381028832,1.5079575800353422,1.185138869970103,2.596362254385822,2.03259378103414,22.82124215364456
1.2740606798368022,1.3555558375037595,0.1629491639417607,2.4569438048387995,2.1221609229749747,0.1168429261211654,10.28660836815834
7.746594062487486,3.532809195767231,4.739665400097578,2.6914186713479378,2.284051628709002,1.57727040692553,43.52675533294678
5.3864189598963925,8.136297437076992,4.925463314920237,0.574548172928025,2.8954365218948688,2.3815273166397355,72.29232263565063
5.729073612807686,4.191324395098252,1.068135353950564,2.390391631451863,2.7545780659760286,0.9504600067126728,30.883601486682892
6.074590815466541,7.95637057244447,8.27055392960318,2.481593512029703,2.6552729900658565,1.485249462646112,88.76718735694885
8.570736551208771,7.886292084546563,8.591904494528361,1.2776422419676896,2.304272843903762,0.364917131807938,40.58317160606384
6.3633128014407045,2.805371859301257,7.007626226669595,0.5881730442143829,2.9680160000204903,0.2985159055578572,19.163655817508698
3.023498406572141,3.5269672612089518,0.5980942740864161,2.468815135933604,1.1019528640097809,2.1802256316294857,19.123094826936722
0.3171786098585816,2.2906655729677023,1.5831593771344408,1.3664746303216997,1.0705136457862472,1.68308782228404,11.832550466060638
3.895639100034532,8.547551279664683,7.46173029286342,2.3551496142216903,1.1474406479225414,0.5593417317565907,35.4823437333107
0.0373843195752425,8.786758313982375,0.9514858748139526,0.7475782675364305,2.913997106666968,2.9430231965224154,47.46537530422211
1.5171505503260538,3.398825026887457,8.585805648325936,0.8504153171661327,2.1326277491428307,1.3073955124452974,47.100777089595795
0.9412200630316968,4.403931752352859,0.7135544191936983,0.390371536319488,1.4599470549417557,0.6466297777590253,12.091596066951752
7.329413920036242,7.957928246205154,2.273908444471294,0.1744449232817027,1.6167537981143014,2.379253428610176,32.02213203907013
5.486679836804548,7.184025962606631,2.250850047155061,2.3196621220068785,2.0053805288337982,2.9889006185049114,51.45346188545227
8.594576150485079,7.137190967780786,4.150088227984547,0.4997036498187241,2.3255398912924337,0.84163721251163,35.805542945861816
7.82110399975832,5.732694005038248,5.912069502078844,0.495534997206225,1.8732872384412351,1.9164929622881288,48.13183790445328
0.5793424928109671,5.318992419887299,7.294738152535027,2.2319336204927898,2.671833416205887,2.1199022870090025,75.6515485048294
8.545277837764537,2.9312435996963826,7.080416131076857,1.2325882086571536,1.4781229939206326,1.6831844085522207,45.93934839963913
3.5959653445531017,5.765853824639826,2.6597762309684816,1.4041495064426992,2.8808556512120043,2.643842088355174,47.73680770397186
2.8155620024813577,7.760059677568766,7.401078663479741,1.8789129228440364,2.794824040873797,0.0200975676926795,29.469502210617065
5.225238138029647,6.537407167042033,1.0867181096922978,0.9088333103674116,2.53332382322313,0.4824382672900599,31.495091915130615
7.678821418511224,5.723364759765143,0.373788369050826,0.3392346882161547,2.4762605608993007,2.124134538731498,28.094902515411377
2.7732586473568204,4.282101252538049,8.461868551542455,1.9967597488209965,2.825155869883516,2.3383435295550234,91.84948551654816
6.51659704965337,2.899074658422948,2.4531303442334225,1.4673130453187315,1.005777368706874,1.4892148796574602,18.664866149425507
3.400369641939816,4.990903895516984,5.03694842782444,0.5672476600534463,1.5515122392737093,1.471479680295793,29.61859703063965
4.555491450944783,4.01735238894044,7.691601923369546,2.321059940740688,2.2143936012377328,2.263013929239651,77.4495439529419
0.9663362648412814,6.569367659397924,2.0292311785632564,2.5136953428615723,2.564882003615206,2.2324438760803718,43.571234464645386
7.832582676591826,1.4113874229228367,0.03384403064448,2.3205814068391897,2.242078458472992,0.7001057867867603,17.140515238046646
6.881332295136706,6.202804106429035,2.9352958222018986,1.995756374101994,1.8875147190515569,2.709754894189655,47.78790199756622
0.2730628406235117,5.585071059660399,5.608728076554449,1.925305891577758,2.6925078799141757,0.2393235014969061,25.6783447265625
3.4502661944277584,3.331518873244214,4.098042497943312,0.443468377291051,2.0879154367182293,2.074924770040683,30.385817050933838
8.803831614669257,5.7581082671522,2.282495856125517,1.0440728469964875,2.863679676454693,0.9608518154797332,36.603543281555176
7.325499779140498,7.695234321920944,3.210521288766824,2.7423713581141813,1.223952715316783,1.3932456278948862,41.15302276611328
5.678653735826953,5.813637200556078,1.712994037460876,2.699584895329369,1.273773581145618,2.0892714706663447,34.38906687498093
5.93529388072984,8.180130596172194,5.605138010701798,0.2149107486240125,2.1743169175282264,2.542300155675639,65.68526995182037
0.5738921725293121,3.491460011353465,8.183143457532637,0.782307332749598,2.934958007389523,1.505859932120384,59.828176736831665
3.198489548990748,4.648283204373683,4.9278760669743065,0.0753915391568246,1.9856700908892664,2.061116074105896,38.39535915851593
3.029876315700633,5.735971592974753,4.588697603211693,2.564096867706084,2.0161740058993045,0.6072461620326621,32.17968940734863
3.6082003338032,1.9929437571861175,4.858513228250919,0.2395822017411721,2.6788527528279964,1.1037030949807345,20.88518238067627
7.464811261234625,5.50975711208651,6.432431623324845,1.5450361915937962,2.929176805859931,1.1829657915907037,54.23868525028229
0.5887176682579705,3.912372574456016,6.98751596282421,2.1041994164765363,1.5233367374999605,1.8319732266540372,43.61169219017029
4.12330127311738,3.926751957891333,5.754819028838729,1.285664431087511,2.498044733037809,1.9996985676524377,50.78066402673721
1.225886255081874,4.324912425879622,6.369964890586429,2.189637963685712,1.8172124633171136,2.626110457018695,58.65194249153137
6.719616731813625,1.544503578915613,2.388956123692342,2.2002547380900097,2.073129535631961,0.9843079390879828,20.021874994039536
0.0293155006279522,1.0069079985869598,3.400007472912254,0.13819811822867,1.0724257121845515,1.513835470579553,13.901777356863022
4.72235433808341,5.687338445314327,5.958393697121652,2.5970278206611046,2.7768339287719925,0.585407383018136,37.79368877410889
5.928964132282994,2.768404210423117,1.769312653070927,0.4972620808613215,2.435805080610284,1.5095291103294293,17.364637196063995
0.564514164516326,2.355786046875481,2.15738564839074,2.607199865943088,1.2320646665243962,2.481762866789222,20.51165995001793
5.540079786055948,2.551070035000248,8.156656344684194,0.4918803435419512,1.5009280744265423,1.1888606149917167,35.13874751329422
7.075585917867037,1.1759295132860483,6.610425474456072,2.672003596032272,2.776210248216776,1.0194753577679487,34.392033874988556
5.016546777562933,8.278984315003784,7.069918717376881,0.0215424019631989,2.375946549847792,0.1791277306475588,30.000523507595062
1.1428739729186652,8.142007574853812,6.369221411263568,1.636922430782069,2.844354750807668,0.4167437975278861,38.240673422813416
6.074353648314594,6.030887128855354,8.70784549227578,0.5298351987590294,1.346361739787167,1.6977778274957591,58.34324049949646
0.8554843458335649,6.6673382100752185,0.9544090322140422,0.4555072058048576,2.903564656401381,2.578947342696508,38.87536710500717
6.229820880587164,6.933103276557442,2.211626737224287,0.1337317130227304,1.3496320699043036,2.150108077084448,25.154611200094223
4.641785770003311,8.024252360104278,5.076432001783568,1.1029115757764156,2.5656357999504964,1.5032124859994451,56.88187384605408
5.777956367553666,7.09506453994451,8.256762379394702,1.088662978378911,1.366031699128216,0.8162302704460914,37.19921600818634
0.6132059096900088,8.116485875526099,6.261767124524324,1.1699311498395295,2.5309912753372616,1.4746940723816002,59.25419294834137
7.988002349350841,2.2381149989129527,3.710473741400346,2.020264050756577,2.8337043411258027,1.9128479833200585,36.09210902452469
7.621050348016177,2.7355033507759865,2.149274393416462,2.5436106501858147,1.5792503455298943,1.183536099492691,25.545333564281464
2.96281932080009,1.7618741162837397,1.1276278468979957,0.9114260346371365,1.8227470515072264,1.69876434270499,12.5822514295578
6.855066149770262,2.157882620055969,7.907727312153238,1.5039067955507857,2.262023017175415,1.5422260443175708,53.81322330236435
3.1549359362440725,8.581639182336037,5.79604168517878,2.4252611872703875,2.328731967420781,1.5053898791971336,61.55522704124451
2.663780691966174,5.86179037222962,4.8790387044489405,2.40870688739891,1.295180762869963,0.2847739358767486,26.355402052402496
1.3186640842128985,8.385405115540573,2.1435473942008496,0.1353058382382799,1.1259441142022049,1.7498931681544332,23.515766888856888
8.018764397870346,7.294973199583815,2.4599644689123217,2.788576970840691,2.5955325209129403,2.687699313550499,66.24186205863953
1.945396640866912,1.5477595218026332,7.912414827508462,0.5386236997920991,2.371477078665068,1.9173885821309165,58.23710072040558
7.982434968580076,3.206942119293947,5.9820842140757655,0.2867575225686117,2.878258772536432,0.5914598610855366,22.26881092786789
2.1526762984576413,1.4580011620189524,3.9914804495868794,1.3039019737244997,1.2539276560489006,0.0705464053754498,13.262466922402382
5.067445769389877,8.441857030024988,1.054212130119175,2.491838145557366,2.9905096820915134,1.854771931809425,60.234153628349304
4.571740216782889,4.837405962633085,0.5022412852321646,2.592978180123758,2.0618714898751325,2.7489198893660443,33.31944227218628
4.806654748370271,5.432904737337339,7.228704272803217,1.2484771076408303,2.3670631370166104,2.59758532302239,83.04613983631134
4.180467226743183,7.235167289567484,3.700559496314298,2.762646664726668,2.226890702568054,2.700277156115756,60.34794580936432
3.805753679612162,8.50423823983245,2.0225130354752987,2.680404574126173,1.5871698142739823,2.40957108762566,45.27148354053497
6.8047187283388375,7.086909230804737,3.8990988796973456,2.55077103739262,2.574185924955082,0.5862645965631925,47.96491599082947
1.294240165543877,7.695061059338224,7.835708504199748,1.4842114040270389,2.7299169183248697,1.350166337371827,69.68428528308868
4.956076093504906,8.449438911583737,8.74281867864752,1.7451050365773466,1.5497565826674573,0.5980772861714404,40.7851904630661
6.454304237240209,3.778141766360851,6.239870463104122,2.784648089611791,2.2661118418628874,0.7058481843911436,33.602248430252075
1.7544505874123808,6.549482005987526,1.6579861018689577,1.743705847890083,1.567359178843264,0.6279838866822217,23.13481518626213
1.0141126294175256,7.409209205744804,7.929910414507705,1.1391269395831891,1.271233846208207,0.0745271967707182,24.512821674346924
1.635326462088461,1.1713939719160154,8.237308843072405,1.6238318503030502,2.4274410766297225,2.8483939609807782,79.46903908252716
6.638287993896074,7.757225272202368,5.210870637897632,2.193071847212872,1.965975521860608,2.1412663471935343,63.39529466629028
5.203294729880671,8.12139717418821,4.083681477668479,1.6671916268335836,1.9526583471439496,1.2109478304275212,43.812791764736176
4.307941318538841,6.092392063376454,5.830463787480388,0.760977183632601,1.710455292518519,0.3551841082137466,25.12726655602455
4.826409785126049,3.2706109416932714,0.0890697043208817,0.1998103136863023,2.682866306006898,0.6566198485006987,14.57892632484436
2.695240324486268,2.425613162757513,3.452300836256283,1.8599307901745177,2.3437084001957924,1.6718059003192542,25.032141745090485
1.0835070189917348,1.2780992404888574,2.4204173912158047,1.8989379242738345,2.857311783704117,1.184083442528653,15.85468903183937
5.188353728413365,8.881966001957732,8.888099327275969,0.3141636717369029,1.5183906722879938,2.020205263156388,74.69950032234192
7.579457271479368,4.85740187490303,7.972843817265399,0.3402082785255246,2.0701979292588986,0.8377225188310589,34.742335081100464
6.132474847217998,4.5261643055404095,6.659117685335606,2.1009056465994136,2.912354823224856,0.8400561626782042,40.24272608757019
0.6422658204700019,3.4237921369497464,1.1079388485868322,0.641643263528516,2.612218662758231,0.785573251304327,17.474895000457764
8.831606381988072,3.7710318407278662,8.108692014328698,2.8267506529366964,2.201772904756273,1.46709870529728,67.18683707714081
0.496882509857032,4.4709698851508,6.196418949198702,0.3111046666219895,1.8462693978251303,1.252554105323597,31.159721314907074
6.050667016344122,5.3647594294491086,5.749405493625268,1.6207450067904243,2.3050915600856614,2.667363204684866,68.45351994037628
6.220484206155231,1.9638538394001996,2.5727555712633747,1.7748321514051006,1.806418733592336,2.934654458686999,29.60967981815338
2.19143920592443,6.7353271471770935,1.0004780115776228,2.0758999723732297,2.4347395021499136,1.6077206549637446,36.985395669937134
6.41157550504965,6.876477460370612,7.371707478382103,1.3784414116337245,2.000133869565378,2.797563031563276,88.09666311740875
6.965120749899393,7.220700941940991,8.895179210614911,0.8490104119194094,1.537281096182481,2.5739527625376155,89.61820936203003
5.772111858524524,4.245997507899556,1.0759078014023122,1.4932953170767709,1.1198946099585143,2.42444675851456,21.478663116693497
3.915506457772805,1.0959585557324347,0.894238093052608,2.270387224858206,2.772450235883986,1.7995924696831491,16.99046915769577
1.9381208533755805,2.3706967219831894,6.120489986906544,1.2786234789548412,1.1337160072292902,1.0727617227823862,21.391409307718277
3.1090603321055656,3.5823699165702045,4.769605300999935,0.6970469924724841,1.427035757902505,2.0762140488823584,31.788771986961365
4.7525339503538,1.384146525790996,4.548852972453929,2.837075977572006,2.656100831529833,1.3949183828178555,28.532433569431305
8.59597874940441,8.359662270670071,0.4084408034775774,0.8969929841685946,2.490268418569778,0.1426284792426274,40.54780733585358
0.6274405610636453,7.240824424431878,5.759505943139875,2.2404856374673128,1.3463952539891773,1.907597166844896,41.06211072206497
3.5890573656422315,3.465202140832652,4.147694636794775,1.9078219475359328,1.2952266396851044,0.7862362367704133,21.077031552791595
8.752711946411656,3.835640340632384,2.785220902237147,2.3747944721930376,1.8766835846808856,2.019093721983757,37.99501168727875
7.0501381415866655,8.282300752893136,7.597759844154024,0.945301922591695,1.9049023150533115,1.7033615349201612,68.7638932466507
3.6606444079580736,3.022704089111965,6.323752032257294,0.0648187676876318,2.068373753656001,0.689683425731116,19.863304883241653
1.553328592265915,1.2565373071382837,3.387685743819544,2.922442096000249,1.9971025398299924,1.39036049654212,18.127902895212173
1.9108192146569545,1.1425493104654612,1.3950609993009286,1.1519228646715742,2.155513348400373,2.1645738924564557,14.019151717424393
7.843945541414157,5.767503204691111,2.425778455750848,2.5313431949200647,1.1798661489384543,1.0475086557088609,32.05091816186905
4.048509254157701,1.2509745523843536,2.5856583929589627,2.589072578886751,1.132184301559066,0.4509604652376134,15.248935252428055
6.281617190811221,4.2446680045557255,2.079342964726109,1.299402748289154,1.8256744850993232,2.072165715172442,27.3831587433815
8.070778002655995,8.552001928633956,0.6879387684213254,2.2882038788229098,1.9289731076989904,0.4162355627164478,42.52599489688873
6.690788786581968,3.838406702763324,2.7646837828217423,1.2607742877238537,1.1700110844870966,0.5617393985759768,18.412614434957504
7.986119838065767,6.379712931639377,0.3245279334160318,2.115696920393544,1.5149999586814364,0.7616667695119335,29.365096390247345
5.008375131244696,4.143172705689955,6.966033467228914,2.5579616281408346,1.4353855100766384,2.0093252343633896,55.13523864746094
3.710342727101955,3.133224123693088,0.588363101092902,2.0934476564651265,2.45299556848485,0.3337100281947371,19.54526799917221
4.321971079277336,2.2643180513368417,8.100436410623931,0.7469085933514398,1.5103118191088565,2.5389947006050804,70.85453009605408
1.9929341674749896,6.40183879620602,7.376898030055712,0.4546555390738208,2.8607545497921807,0.4680462410758338,31.848635494709015
7.609908010698129,2.162986275597685,0.8568613524275339,1.1960562016526646,2.304192870860532,0.6430267492446694,14.450095802545547
0.339650463305338,3.0221331531109,4.186676146992808,2.515216093701039,1.7353106924225268,2.3006252987088347,30.04678875207901
3.40794800044934,1.2021552182331048,0.5552028829542794,2.988075853353163,1.93742222658642,0.0813412191134894,14.101623684167862
1.161377836942619,1.5784418144314412,2.8225006504246486,1.1112707423791708,2.418676466003129,1.904273833221502,19.314307123422623
0.2531078007162334,2.110739046569119,4.332655543157008,1.397147198012013,1.264651091394026,0.5365339486437061,13.709191173315048
2.3621458187686244,4.978052241457665,1.7641317711878088,0.4902155746861374,1.4902472641937687,0.9817908303660444,17.271749913692474
1.0888932334418384,2.526086803458321,8.951194706131007,1.266100171442089,1.140547293205676,1.4578809129339354,43.08212023973465
3.188044740993964,8.824127415461415,2.254925507823957,2.574368292963276,2.1268643251416237,0.1707182811257227,41.43082398176193
2.2772478290689566,7.069720777512599,6.155697131613656,0.2275938548655209,2.7853746178954077,1.547501152889668,60.049670338630676
1.0968529299332883,5.463149781039148,7.649402828262941,0.0868825504583777,2.4403782528543614,0.7382955313096169,32.80454504489899
1.2695279866188818,5.409593488593302,0.8824832840588608,1.0400839555596677,2.8598220795665066,2.865656230770707,34.245492815971375
3.4100987274355283,5.50035266716941,5.1296179388881855,1.0695608734610689,1.1509045331805952,0.3491268378950418,22.25909897685051
2.1049647743358286,3.9035719627868577,6.276569106090107,0.464254183582793,2.3785140380434053,2.981119643851402,66.60926961898804
5.768528000946497,5.609849867048128,0.6076069883385166,2.2018159560139763,2.334179423127918,1.490629762603299,34.543913781642914
6.13261801606698,1.5092320278321836,6.184144014588198,1.2308918018525947,1.6171000547797472,0.4772145764535669,16.909446746110916
7.403777792941106,6.549018570112194,0.7238365911796169,2.48114773144162,2.4764721149460494,1.630521622054411,44.989020347595215
3.4752691872733275,5.720669721059948,2.082337355565956,2.517569896125808,2.1409603619802784,1.083417201305346,33.35757511854172
0.3737515003882091,1.9384972300137824,1.3491903911999574,2.4215764739178463,2.329424648743128,1.0998631718847611,13.606207311153412
7.099363334229981,2.6283056747632427,2.298769556852538,0.566720416834367,2.008886776318975,0.8342366890885357,14.350788295269012
0.314434312124549,2.3486407471697444,3.9306588072101514,2.9009360267459883,2.068495011352097,1.1360942573923227,18.67368733882904
8.346619713886465,4.1963611900639535,2.696563663609737,1.780918823022983,1.584663271220354,0.5351461544903906,25.590619564056396
3.495089334768651,1.865951784940384,8.574186038781896,0.9463601723523322,1.445762258329038,0.3644526200729231,21.98104292154312
1.0141363381793735,3.2769990109086877,7.958076024843046,2.9996756414979933,1.6882188453396965,2.0081698365860583,58.491923332214355
1.7426507636288069,5.700095621708608,0.1666487822895421,1.1145631105634362,1.713843989880045,2.0237408986589456,21.323564410209656
0.3890551776271298,8.649850733262028,7.086359030716089,1.232903546024562,2.2761089891113224,1.8165218161485543,70.53497076034546
1.1992286801242051,2.262986766217594,6.127067924868364,2.020410029871625,2.691325124495191,0.2619358194659558,16.10934641957283
6.289064078206358,6.174439647975755,7.160846188281759,0.5850765026546287,2.394964836762403,0.93610451033176,41.5059951543808
5.772829893927376,2.21020199009978,3.401535379235113,1.4830439783422704,1.8230288273354156,2.754158299364235,32.429587602615356
0.0171001247888593,1.4090313298092312,2.378613909880689,0.5435425813069775,1.512307237559961,1.31758885034898,11.430553123354912
5.580150039343191,1.8022342658540351,2.74300763965718,2.742437132399539,2.2599955947313086,0.491530203715208,22.52077728509903
3.868914496907944,6.901650268378832,1.464295722840538,0.1531792221443048,1.635715785140245,0.1230270959837961,21.175095468759537
0.1243169522487027,8.980579675777136,1.644539764862273,1.6151000405773104,2.947324982967146,2.027162697005462,53.48183727264404
2.4015647338816946,7.729648602254128,0.5486085196252911,0.2255413190032923,1.1886925579406866,2.118566741722645,19.61110234260559
4.8775632161632725,4.908603297717211,6.427996479481815,0.2277856175515796,2.202218229361512,2.538596693610365,65.12302505970001
3.71942105589928,2.2228202984656797,3.907771748222323,1.008229988088594,1.5001465073047136,1.9552234734552825,23.850258499383926
1.3664511286613257,5.943243893144553,6.676516777805572,1.4595864570119048,1.4922706476587773,2.414234076394988,58.08575260639191
2.8420254539045984,1.8999682661336836,5.449713531739388,0.3938086723189972,2.48613312146706,0.6757123672701908,17.20497715473175
5.077063850759865,5.694881455199465,0.95987376564139,0.6759487707366051,2.2338989031267147,1.8412488032128684,28.045532524585724
3.634933256561632,6.675562886560931,3.9032947695033258,0.8969522037659995,1.3867107268470984,1.409888874575974,29.390836119651794
2.8068823969818952,3.3431004578339163,5.234058030786283,2.7168553510707527,1.0972161994771823,1.0852393614920133,23.991685032844543
2.066218897809433,4.003659159782025,6.0183903717990335,2.9949079721144343,1.6508651559704677,1.000550887258151,27.476838648319244
3.873690191668107,1.355364083410758,3.994064326999018,1.1521708142697866,1.6057681467764575,2.914281538988751,33.38795304298401
8.587978704407456,7.611019848952917,5.963055355265304,1.8755522491413013,1.503797915283219,2.8256382917488545,71.67572402954102
1.6805273593012766,4.595118786501566,1.660048328190546,1.552750298717212,2.4605328787077303,1.2267760154513156,25.967884361743927
3.090820568353446,3.707199066640344,2.32288463758642,0.0186038113733948,1.05963958064709,0.6624113674481871,11.739773109555244
3.677968161403996,2.963682484765682,6.766944782578335,0.8224614539810423,2.3538855394909826,2.4430621583161773,63.88396346569061
2.510685712846729,7.166335223703756,3.402570828850977,0.2538686237748546,2.300101630838208,1.590685514808173,38.62709826231003
0.8727823243763797,2.1633742459700613,6.474655845741532,2.513329633557567,1.5535350939486483,0.8042091724780774,19.042579650878906
2.3965625728346853,5.943379766407431,6.104984674878214,1.5962773005215758,2.6355962146487717,1.7571960951564534,59.40577030181885
6.401808045649047,1.285619649917174,6.501146044264767,1.8768419877615488,2.6332612249594707,0.353754575472707,19.338591814041138
5.6316970817437255,8.923252252331467,3.2891705021825897,2.657141594546321,1.569882138878491,1.995083163911498,50.56048792600632
1.1178716903607897,3.6403047208505024,3.3485547883495115,2.8706085145065865,2.8499442444631207,0.4957271557390245,25.764217019081116
1.7068916530503675,3.793858577352905,4.738445783927557,1.835846154672761,2.7680673656965773,0.2194045317723861,23.079918891191483
0.9455645704554456,1.231349405964421,7.746246768030323,2.148912967337969,1.3002472342301306,2.4132359578553797,59.19830930233002
3.342594361398169,7.076704989619696,1.7773205380398864,2.5486766999072765,1.9570322760105408,2.855877739024926,45.35490417480469
7.7654982223941476,2.225741487428931,4.158665887694651,0.0754580804262821,1.7721404756106711,2.239969143366684,25.74668037891388
4.751095891734919,8.644081974564475,5.427704579883474,2.61056207029982,2.885882441855493,2.02177360456495,85.26934289932251
7.502092437902497,8.782940430304357,8.07809755728568,2.284222001321978,1.9864961471637248,1.0446270694862487,62.571521639823914
4.240881032348556,4.357322532856059,4.748682004277674,1.4915189406888838,2.4177088343372604,1.5926199167796886,38.153987526893616
8.130907289903634,1.7531968141511642,5.34971264382026,2.5934935841802336,1.96444763281692,1.865881196926665,42.41088944673538
6.6112521395026045,2.9864049537227557,5.877432279554389,0.7522978094819178,2.2404485715624736,2.7298718545316225,58.29609739780426
6.667818392021461,5.238194709000646,2.5514172864745968,2.6713550359594618,2.530768164329244,2.726530401325836,52.74259400367737
3.0257336056442443,6.085862748498064,4.871447799105099,1.1662696888956905,2.990763660859256,1.6768430154738467,53.74359607696533
5.535601495199212,6.586359635254581,5.866867533493668,1.808915699437109,1.802091189870507,1.5453738228327258,47.63688910007477
0.9624271899015832,8.154753496622636,7.383479622471547,1.904351203583824,1.506323280960513,2.446411941254068,69.81278765201569
3.818275964317513,7.66808541808656,2.3590071343110885,1.1376270427826962,1.3916861482535052,0.6494246694348277,26.449193239212036
6.866173510316276,4.091168742722853,7.105449897184349,1.1244927904001978,1.8033524845158169,1.5052179079524173,45.581124901771545
4.429458174094945,5.834326131560237,8.147720714904882,0.3634157533519738,2.0351421058634696,2.807647087209724,86.78891587257385
7.612913168520835,6.656484192139797,8.822028283458904,2.4894604586959264,1.2851828861898285,2.846966613346752,95.16779375076294
4.471913201489099,4.213200101276226,8.276277411408802,0.332921940762229,1.7571342271878925,0.9510127399723936,33.70294338464737
0.8473920512382411,8.676383269855437,6.617306911560798,2.6392604901331334,1.386078643520357,0.6313398159674105,31.56853711605072
6.755175509984239,4.429839521423918,4.74371405114051,0.6768001502164144,1.0304703245470697,0.2076949076052315,18.660819202661514
8.480763217592601,6.753187266766007,0.5813196915204735,0.8448711824192535,1.3189921058963296,2.244211873563963,24.96571171283722
8.259522406179101,3.804787601958971,1.447384025646404,0.9193410809764752,1.7531413765517918,1.4820190282259988,19.81816202402115
4.010497006969901,4.531050039629124,8.951139857590297,1.696294697519518,1.8589388128672133,0.4073202117197256,30.16929602622986
8.844506825996454,7.730567282917699,5.517862177160245,0.2342283951393613,2.102493008955313,0.5011771522891425,32.22853183746338
8.72756420470887,6.350099245718907,0.5780475397200582,2.8439278663369256,1.433890074333544,1.152625674826984,35.61013704538345
3.799382563711976,3.4418976440641744,4.031342000262042,0.4047332339614515,2.147329966662635,0.4953058437139738,18.85431072115898
2.4402088442399075,2.123858558022002,1.3407324241948593,1.7625560385978003,2.1239653293698773,2.865606673049712,20.93044301867485
3.1794849139742176,4.132256873068966,2.7537960295612463,2.58048507314614,1.4640677015047052,2.53279703156549,33.30485391616821
8.159557481433795,1.6897458997410366,2.4245294452681967,2.871668307301815,2.627080673496426,2.156927419603264,34.73732662200928
3.514209460624152,2.851419817250326,2.112238620037914,1.223891412704102,2.831407882111763,0.4026812853950465,19.839919686317444
7.321636490379553,5.831221161116202,6.300397239421197,0.5141496975256737,2.6876883306668646,2.360202813095684,74.3943053483963
1.6250365399309492,5.258054492546954,4.081805940564016,2.334816233039936,1.6272091685154275,0.930219765404361,26.51170653104782
5.400619746704681,6.458505694381473,6.16963435366538,1.4864709478424096,1.6612523994269104,1.4792116617796478,44.31057846546173
2.77601968962051,7.733726263288632,3.87121874960285,1.2005642610810547,2.5712072806879034,1.759901332779806,51.548754811286926
4.320744138237004,7.059521189502126,0.1754025672760957,1.5552006761552997,1.4120617810303695,0.292885948571067,22.941112190485
8.393984944962165,4.083548747462963,4.687962525839829,1.61763235679717,1.6206556732636923,0.9566559264659948,28.447664618492126
2.999570853938098,4.721332222496304,7.78452733127584,1.5385028321918155,2.492489570832948,1.2694519478588786,51.42348498106003
1.7006847819232658,1.974419490594736,6.15440677195933,2.984518643888497,2.926870921316153,2.6782432142500374,60.393099904060364
6.309901274628412,8.26609494992535,8.082164168654248,2.9966128824957714,1.997845457912144,1.060411502427553,62.58138370513916
6.6672696701614775,2.314557062873998,8.526324773170293,0.0416891544774397,1.744025097204782,0.3061810337893029,20.808630734682083
6.791255591187484,8.697932710331038,7.823916985209994,1.9362487902610424,2.6215082585866725,1.2681599735045297,78.39707672595978
6.827392251327797,1.5810814844387648,7.767935801202953,0.206073897545148,2.643981518315613,1.1086833121413917,35.25223481655121
2.604700241263044,2.515740152477532,5.962713947044491,1.7639390056883797,1.6152001364577748,0.2767895794178799,17.17597132921219
7.676745156420113,5.309909349354571,7.84774357583066,2.478332047151011,1.6441561176283856,0.3156547731710186,34.689434587955475
5.232381815680568,5.802917571614498,2.2011993956897244,1.4041956316159068,1.8842907021986084,2.18469972432768,34.52222365140915
6.75190084647586,6.5292760204656135,7.992396153692196,0.5882316516784214,2.373936253270398,2.1593977741194097,86.20011818408966
7.620657585547416,4.686855538997266,0.652678234815049,1.25331160965031,1.2567368437499071,0.09968166273898,18.72842875123024
8.115051961300042,5.3753641513486,0.5757713203501083,0.2428466819395871,1.912789499495,2.7096680588311592,22.14296266436577
2.494727650456647,6.937596053730326,8.840345331224196,1.0910983104878782,1.37687238459933,2.913589071148558,87.59936189651489
2.7352077224990574,1.8887361203243216,6.816508962515018,1.6727372640283091,2.269063474725461,0.7864204100941484,22.293512403964996
5.120709192447007,8.49108655483327,1.7621539577098353,0.3309039996833467,1.4322872411509586,0.9137499466992024,24.87754449248314
5.772786316742971,7.840861141677871,0.946109027414461,1.737704493583033,1.6415098782929505,1.0380090764437748,31.61922663450241
2.170324065630254,1.7020549508282672,3.2617167172062187,2.126847572077481,1.8968205539893317,2.976118146343596,31.083203315734863
2.150458018384516,1.8667219878014736,5.731136975415788,0.4080442994925629,2.253384407522958,1.6075845439034095,30.8763530254364
4.23285473101783,2.12702423709648,4.695183139061092,0.5004640389914062,1.0171426535552737,1.7272810716613032,22.52100533246994
4.716888760773788,1.6936048908878885,2.071842886888396,2.949103486413294,2.759826467096693,2.2555980552338277,29.151079893112183
8.091518592082156,1.7729154065583677,3.5229454362780075,0.061930876659932,2.582160213010217,2.894100039150569,29.125216722488403
7.924962377425449,8.295096613237643,8.707618067968193,2.69202536095028,1.2691897250343696,2.684943399699549,94.91741704940796
1.232719999650183,2.6491127413858644,6.354741628190853,0.5721177767061221,2.2646483587548847,1.2301081862005991,29.520415008068085
8.766760610946434,6.024541287335366,5.858983383015239,0.3019273703641252,2.4334589873153085,1.5336237609197334,48.144704818725586
2.7877385440335045,8.590224820944275,1.3037800427136617,1.5192842358717369,2.8833819078856733,0.5598869792166151,46.057536363601685
7.592413195943175,5.634338383825914,0.3659992031626465,0.2449969253512434,2.3834936718129462,0.8057135968590539,22.876989603042603
1.9856872046726797,6.211045208838021,2.9948586078825006,1.3658480897913572,1.7186791836809945,0.4919394382821851,25.93263152241707
5.0180120797654295,1.6213464459764522,6.5306910865391625,1.0957667561514317,2.921847107817899,0.7937984201958533,23.332009315490723
3.830155200944818,7.953340987366025,0.5356535195107688,0.0380542745630193,1.5561588286600625,0.3730249066504646,20.75281509757042
8.059665483223483,7.639017298472237,2.557942530942199,2.826246201452715,2.041339185209429,2.292085025773392,58.450661301612854
1.5131591816098364,4.421056046681075,5.029776055245185,1.4635480045345837,2.683183236457727,1.7288265040492483,41.89126753807068
5.778775204856185,5.187436287114817,5.157315525114576,0.1416449283077002,2.042137883393662,0.8147351084039592,25.248096644878387
6.582276500915763,3.1612601023859828,3.7845737600977274,0.4614820441174683,2.3033518725524686,2.385074724737126,32.070646703243256
4.268555646353417,2.2282156964134687,3.7209475441880175,1.2567581041994682,2.1495988960581576,2.318357214581149,29.75937432050705
3.633848489913937,4.45999731171599,0.1159649432803253,2.985082401654869,2.723445303644278,1.068284188862754,29.80873143672943
2.0608146347171545,2.0409605799023067,8.914565801046464,1.545794806903977,1.1381915705855978,1.283776171332071,39.15701776742935
0.8961137543795196,4.26453463166658,7.842306625616299,2.1410016608210216,2.274823113736515,2.643239259056158,80.89533305168152
5.3715667918327625,3.6046048192616382,5.916868915767171,2.4648604846762137,1.1360927370299614,2.9145203814590115,58.50232398509979
4.2010880407444455,1.805395519887618,3.880929003940053,2.072211306399768,1.9606277665261207,2.6554132012180496,34.726263880729675
6.926748131047512,4.611225590960216,1.6697786071858058,2.6744130675261637,1.836306841002598,1.228224243230924,32.005085587501526
3.298834696675243,8.31011574266638,2.6627889802855504,0.5211236138163575,2.262304699259298,2.8047248670164304,47.61041080951691
7.5205898772411715,1.4927020418868286,6.327494755990829,1.5084358207635091,2.9062580226913792,2.979408253705504,70.05165708065033
0.017209869892542,1.757547591463684,3.357135722413459,1.83606940242605,2.459693172881442,0.8013245611016825,15.500365763902664
6.6594604490534905,5.700902085147413,8.127624391446975,1.8742902254975555,2.935536151059921,1.952126935910726,95.65958726406097
7.785618343767776,3.997556868686632,2.7503203812175028,1.6295442582188535,2.35681713115124,1.2049046397844916,29.882397055625916
5.602030400145219,4.586909700521262,0.3426035489648802,1.0247487578724763,2.4192491382979333,0.6314447556892224,22.00068211555481
5.86569842622665,7.498901853913502,1.412167320709939,1.848210481798743,2.102788188248721,0.8494754228773687,37.38033050298691
5.7321642131035135,5.513631921476467,4.965888459032363,0.0844058481427794,2.054315802481256,2.939839961404927,52.939422726631165
2.5783524238778823,2.4816284619916478,3.31081870992016,2.224725241202875,1.8148918865251829,2.7945539290369643,32.68255454301834
7.590382878880707,8.742755695477822,2.4534940890430885,1.9170280514723488,2.827454708548074,1.6595448913733275,62.850332498550415
2.103199694022423,1.0991316389367514,4.616032366940297,0.4494447410938192,1.6789277121554769,1.481667880787191,19.012593656778336
3.016325264924137,2.4411249118518343,7.577156533372698,0.2113978403286319,2.657961608772535,1.5726419513283751,50.73489046096802
0.260725715015719,4.796025950936009,7.575996801230025,2.779812404241192,2.3152068676332025,0.8674902281044583,32.92140710353851
0.7955216933445124,8.096009957300886,5.684317302184959,1.6637307961186425,1.2181053230973775,0.3320264808829991,26.567553222179413
6.125463069906795,8.313927847692412,3.8144296218062617,0.6119250259322667,2.3581643790150477,1.372069663913435,45.651430547237396
0.3051833861900223,5.336879161890017,1.51681377812361,1.7208648627905268,1.488931796480748,2.676652740806924,24.841640263795853
6.492281887101361,3.04713351224574,1.7705857651142196,1.405422150448956,1.5204268812256705,0.3603800044673906,16.53586059808731
4.718552487179797,1.7838410711171555,4.62092315752241,0.079056945042515,1.4366069836408608,0.9927078849401174,14.21047618985176
5.912381525774203,3.955086760142808,5.984084639722146,0.052358288753193,1.1794974353672345,1.9820085650789376,37.01500403881073
8.962957465851531,1.536443752290114,1.3432670985764426,0.992083042859752,2.7922834091218336,2.801093844468311,20.01860436797142
0.6850813319468165,8.113659424034402,1.0244179922843049,2.4546800394181028,1.2142192867492976,2.941513142359137,29.47066479921341
7.490702666216389,6.931450957508214,4.650413184618585,2.1723139985667324,2.7958890248195933,0.3046235957052164,44.14246392250061
3.858147761083183,4.802471537329465,5.448691594207125,1.297176497356919,1.239805824468591,1.2111976104072038,27.567939937114716
7.629135446620532,4.353515556666869,8.837876333653563,1.9862546552737976,1.14749520389119,2.5185140069733807,83.86369180679321
1.5698307942520926,2.614316354219431,7.282062129303919,2.500980634049482,1.3839955209108792,2.6797025314197573,63.37838387489319
5.742658029768186,5.188387396842199,2.0181677298558425,1.291721485510076,2.5585977763076206,1.086843481771388,31.35118269920349
0.3008742395238886,1.5945210765011488,4.523755602125462,0.5059997507614145,2.348020451375469,2.9894088798715286,39.508527636528015
3.0875199773659245,8.982937437358286,4.342473793992664,0.5455673907302104,1.3623187196709905,0.6835855332098302,30.509459853172302
3.306645400027179,7.339223262385416,0.7195406713843377,1.010713895966692,2.7486150596052386,0.1521920744760158,36.06537425518036
3.4337773546151733,6.546200695770287,4.372122862333985,2.061315487072708,2.5286360718812944,0.996019661148118,42.14716863632202
7.0442415061889605,1.8314867876270604,1.4928580321079543,0.8311383293518741,1.297801080878205,1.825307262168781,13.186256140470505
6.124642035922861,7.631916086535319,7.826328488209839,0.3523467201876591,1.0707233709453603,0.5433896234618284,28.353526175022125
6.425701013363713,2.3370297780866096,1.324130794991723,1.081450599099583,2.18141261028328,0.750662096232817,14.428222179412842
6.992535417988873,1.1809364289804003,0.7235465440651117,0.967698777147668,2.0703618800815144,0.5578638339374551,9.028948903083801
8.091301310095183,2.343512383834401,8.376994736316203,0.3632717139568518,1.8144471551636243,0.182080751745023,21.459037840366364
0.9740425246677872,4.096477261411297,7.461692513664722,1.884763487436408,2.434052946235283,0.5808762549198428,25.244964957237244
3.835701854305137,6.3006174203704095,8.615536996053866,1.3392526314935127,2.832474340752431,1.6876111302881878,86.29177725315094
1.101761647870224,3.922239958281313,2.7193675231385623,2.267458888002277,1.121940014526843,1.4788705620250524,19.210557013750076
5.430353590117606,7.505699572042716,3.996501481676568,1.80779091976204,2.0965522480448424,0.5380766294805504,39.35792648792267
6.3276208044680775,2.184412971278147,8.273326176592223,0.5879568976456362,2.9379970345476325,2.728735582861846,85.07361578941345
5.521852112982493,4.9642181351108805,3.3068692773346746,2.4666184190662515,1.690788423577157,1.2682343103601197,32.95469927787781
0.0658086336255578,3.2045645432918954,0.4423041775988048,1.815418555187716,2.6438913658491785,2.5081484589382383,20.969374924898148
0.9137793854845356,2.585451134501332,6.8357341762335935,2.501406362891711,1.7429607833490686,2.5048960253040184,56.26362192630768
2.726123043421797,7.656952697655795,2.0356471934559446,0.3097030291419664,2.059055622713066,0.6047366829395753,29.340405106544495
5.347529393275475,3.7471938383447023,5.9254641565286645,0.6677427078869547,2.757842697929213,0.4746477010438565,22.552046447992325
7.312771662294236,1.6381597174881757,5.086604667802131,2.8655974732073743,1.1690833753526009,0.1123936809716916,24.010905981063843
5.379632795965302,7.494245006378323,5.927371507987221,1.063836287285132,2.593304261559638,0.8962455587949422,46.16470664739609
1.16346815923111,3.940031847656464,7.828134705923612,2.289042670867329,2.397543093001574,1.22656342212461,44.377803325653076
7.353469612005737,2.5148588556734524,2.9221065634957983,2.549278338182625,1.9167685965535903,1.7426267724480162,30.79178786277771
6.440425604829679,1.7191882420775917,5.159819600366737,1.261644281541617,2.801679198890845,1.924917639764488,38.37257546186447
3.089457598363993,7.494544754805082,7.752950898303182,1.7355311849674644,2.5159324953390705,2.375124219104988,94.95043325424194
4.300145374593439,6.064678221675772,4.300124799066057,2.9306050342557763,2.0007712648032667,2.516537080925797,54.88405430316925
7.137884200161228,6.6454632095302895,6.409333893009959,0.3048236525604486,2.3200592623232223,0.5119041922805972,30.505643248558044
8.328307160231631,8.363459584826707,4.268177034814521,0.0505539969182234,1.5065404378886964,2.0257302515957845,37.03673094511032
0.2291751302875123,2.1473721928729548,8.895535802701149,2.439540590686312,2.4559881999937536,1.161121738037412,43.63527697324753
3.713784355770372,2.4297425077634465,7.5362292254817715,2.298549193599552,2.7153467335253523,1.714225642011868,59.341997385025024
6.169593492007442,3.17482604184524,1.4812055013592245,0.9248914522532466,2.2649401181529205,0.6802673035285287,17.11767214536667
3.485054070593411,7.145788900508388,6.94277648066982,0.8935184388692596,1.4881987533943997,0.6364232436349669,29.59924668073654
4.103344714113391,2.9409738844845057,3.870434465197435,2.422612438838644,1.4038398260572025,0.042423838862866,21.317236065864563
7.667882148387798,8.478197483388588,5.331639654642639,0.3640336513861925,2.405471242707706,0.5404554166684266,38.807436406612396
7.229245245389123,1.1187724617970254,7.902576538170334,0.2725762416317445,1.5182877473108922,1.328325080203125,34.93940180540085
2.0220880481920807,2.4011113481917947,5.110550252769543,1.023513076517785,2.462844801462098,2.042152653429999,36.83609366416931
0.7305296338338473,5.093192740233256,2.657169763321693,2.5530051055906595,1.6503054158297177,2.4371780723139653,31.538337886333466
2.9731874525489017,1.9601434170434693,2.830601750840456,1.25167711120239,1.6518356007857096,0.5330470030602525,13.97861322760582
1.139951569177339,6.1292597313184665,5.804771436093482,0.8091904060655489,1.404313058606855,0.0344377696469685,21.764676362276077
8.86828131912127,3.521297795997464,4.750525284273234,2.34797547185155,2.5552270862022537,1.241687215457316,41.38112288713455
6.813668780487197,3.5708954258253884,2.185572476839902,0.5656219544827791,1.6135467814467173,0.9884105678720642,15.717222034931183
0.7866065805734445,5.806166393035396,2.619688556342761,2.811376063178427,2.1086618047782304,0.9003848038679341,29.075024962425232
7.499754040332158,3.3183161110856565,6.957480731093376,1.939749097896915,2.053716122902418,2.4448783937707392,71.39926612377167
6.190374375008088,7.821509204711666,8.196035786880309,1.921959891460713,2.3591734074442394,2.0696523639933826,97.19101738929749
5.893584563158768,7.979601207350948,6.579337275254947,1.586646427222106,2.5392053329755795,0.1047543639731126,34.618227660655975
8.316359206288565,5.405339955411687,3.525819852005871,0.2284759857350129,1.2142727552156811,1.562915868871109,21.833804845809937
7.673893278014059,2.1640494947083244,1.228841509820065,2.167295221411768,1.3462889325281178,2.71460432295439,24.43179115653038
1.7409343481671566,6.637957666516058,0.7942357997243871,2.037210269994243,2.211186047692478,2.924447118931462,36.78671532869339
7.714525708197186,6.411627634616321,8.38419792039271,0.5606691471399434,1.914279628281488,0.4039524633850524,31.313862025737762
1.0795863087903157,4.808587564088536,3.0574287219756404,0.1745387135640322,2.058866657543944,2.1732386811468016,29.973756909370422
3.481697805566901,6.427967025007694,4.8430452017100745,0.1694788617685187,1.066939738786581,1.1488480815527224,24.675334185361862
7.463564986682504,5.268736743705188,7.0675727001539,0.7649666805815357,2.137414180053981,0.601686740742568,29.695567727088928
3.4503609989090007,1.4479858846357765,0.9979216019956768,1.413163673513512,1.4395415124650994,2.2758758810608586,13.698350429534912
6.2901309604402,3.745159657905641,8.821575544667924,1.3188727409769627,1.0103434845894483,1.1944024503416872,41.79138910770416
3.550888810274324,3.6100886644613306,1.813444268476366,2.231443985422901,1.415217023946116,1.3063731591996444,20.54170897603035
5.99137131605785,6.656915708214124,1.9835057971662668,1.0969942855873525,2.6241482432722885,2.538591901564634,45.32088261842728
4.605345039411617,3.4882078541118204,8.538746327054895,1.3460228651853576,1.801553948646364,1.407670339375941,50.5797935128212
3.184331384362185,8.457301235754429,2.24636220278092,2.1277561774802987,2.5878382247977894,1.8875876691985016,54.32163155078888
3.107809834640929,1.062862156948264,3.238161448979587,1.5661800202550495,2.033822373551571,1.6847449253581492,18.510641276836395
5.96036228103614,8.226929393325452,6.029989979209743,2.759250635647099,2.440789158808114,1.3597752419705056,67.39035296440125
0.5544591549719138,3.069402605029156,8.630963880275312,1.6807361117249382,1.5311740512672856,0.5267565466465468,24.019572854042053
4.228591214332253,1.764438343290589,2.691891310540753,1.4393430260336653,1.0533203673920164,0.1524059176056597,12.977882966399193
7.9806063318849265,5.838136422861299,2.0901447875804022,0.3694148879186298,1.7991289530863024,2.916520718165138,30.193409025669098
6.608772890702914,1.356389906099734,4.351869549945537,1.0649818792575396,1.2963710820787016,2.247317069457615,28.315612494945526
7.654625365198095,8.537984110502588,3.88676662915802,1.0810211384092394,2.7330316071996155,1.0222020693239855,52.498528361320496
7.454161561170103,4.972530208707259,3.670663168340048,0.9526462616339072,1.998837941134004,1.2687710250545376,29.06471836566925
1.7624551976514318,6.270624117827708,3.844572018770632,2.143499877013966,1.3471474702733144,1.8161589957578403,31.960521817207336
1.0942730534263845,3.675663560659033,1.9103136167235997,0.2276496470359932,2.0026040483470804,1.6575982352999443,19.28946053981781
1.2515752878082431,2.943763449053062,8.844742381567777,1.040798593468568,1.6516132192520054,2.431043314116955,75.10281610488892
4.436957474690404,7.899649653908994,1.171544419606244,1.4192070539145942,1.9605576344771505,2.775335383317935,40.18857538700104
0.1889652653884102,3.5090071833320664,3.7161148925679615,1.7908471664361667,2.51460250065108,2.6308275947951194,36.62289774417877
0.1416129842402823,6.3855372107619575,8.832702062403865,0.0711550774479952,2.4837897645698845,2.831673185973417,92.01847839355469
7.3707678483942045,7.717425230721082,6.592303258114438,0.5285447939957827,2.421119744777446,1.0673744459971974,49.629138350486755
